time_t,RecupHP_out_T,RecupHP_out_P,Turbine_in_T,Turbine_in_P,Cycle_Mdot,HotOil_Evap_in_T,HotOil_Evap_out_T,HotOil_Mdot
0,28.910231,12.567478,99.666342,12.573155,0.08543,103.222748,96.145935,1.218944
0.5,28.891421,12.570327,99.675092,12.57894,0.085486,103.245675,96.158797,1.218504
1,28.891421,12.570327,99.675092,12.57894,0.085499,103.245675,96.158797,1.218802
1.5,28.899496,12.572189,99.678374,12.57894,0.085437,103.267225,96.181366,1.218197
2,28.892308,12.575298,99.692494,12.57894,0.085442,103.294531,96.201521,1.217749
2.5,28.892308,12.575298,99.692494,12.57894,0.0855,103.294531,96.201521,1.218287
3,28.89472,12.576722,99.701245,12.584724,0.085581,103.3303,96.212806,1.218195
3.5,28.89472,12.576722,99.701245,12.584724,0.085603,103.3303,96.212806,1.217612
4,28.896394,12.579083,99.716061,12.584724,0.085482,103.35303,96.240648,1.217446
4.5,28.896394,12.579083,99.716061,12.584724,0.085512,103.35303,96.240648,1.217703
5,28.886793,12.579979,99.713326,12.584724,0.085523,103.380926,96.268885,1.219095
5.5,28.885463,12.582228,99.738136,12.590509,0.085481,103.420434,96.277903,1.219133
6,28.885463,12.582228,99.738136,12.590509,0.08555,103.420434,96.277903,1.218751
6.5,28.890043,12.584007,99.744003,12.590509,0.085588,103.437654,96.304662,1.219942
7,28.890043,12.584007,99.744003,12.590509,0.085611,103.437654,96.304662,1.220086
7.5,28.885168,12.586112,99.752406,12.590509,0.085626,103.483115,96.329153,1.219951
8,28.895311,12.588183,99.763841,12.590509,0.085502,103.501467,96.341128,1.219508
8.5,28.895311,12.588183,99.763841,12.602078,0.085589,103.501467,96.341128,1.219342
9,28.876255,12.590179,99.756135,12.596293,0.085608,103.508945,96.36281,1.218256
9.5,28.876255,12.590179,99.756135,12.596293,0.085623,103.508945,96.36281,1.217553
10,28.888516,12.592848,99.778508,12.596293,0.085653,103.559621,96.394989,1.216779
10.5,28.879456,12.594093,99.778857,12.602078,0.085659,103.587714,96.396517,1.217054
11,28.879456,12.594093,99.778857,12.602078,0.085552,103.587714,96.396517,1.216943
11.5,28.882312,12.595439,99.792082,12.602078,0.085562,103.61566,96.43456,1.217757
12,28.882312,12.595439,99.792082,12.602078,0.085547,103.61566,96.43456,1.217504
12.5,28.885217,12.596955,99.817737,12.602078,0.085663,103.632289,96.456194,1.217937
13,28.885217,12.596955,99.817737,12.602078,0.085671,103.632289,96.456194,1.215983
13.5,28.878127,12.598111,99.824648,12.602078,0.085661,103.655906,96.472456,1.218659
14,28.879801,12.600232,99.844138,12.607862,0.085652,103.707418,96.506113,1.217333
14.5,28.879801,12.600232,99.844138,12.613647,0.085597,103.707418,96.506113,1.216417
15,28.88241,12.601962,99.85085,12.607862,0.085592,103.733543,96.532034,1.216287
15.5,28.88241,12.601962,99.85085,12.613647,0.085633,103.733543,96.532034,1.216957
16,28.875172,12.604299,99.855673,12.613647,0.085703,103.750419,96.551745,1.217151
16.5,28.870987,12.606716,99.86855,12.613647,0.085707,103.792583,96.575892,1.216315
17,28.870987,12.606716,99.86855,12.613647,0.085782,103.792583,96.575892,1.21648
17.5,28.865767,12.608443,99.882024,12.613647,0.08566,103.817232,96.608662,1.217082
18,28.865767,12.608443,99.882024,12.613647,0.085662,103.817232,96.608662,1.217364
18.5,28.865226,12.609756,99.895498,12.613647,0.085707,103.855412,96.625023,1.21642
19,28.872513,12.611509,99.917424,12.619431,0.085719,103.879323,96.661144,1.217138
19.5,28.872513,12.611509,99.917424,12.619431,0.085816,103.879323,96.661144,1.2183
20,28.86301,12.612326,99.917922,12.619431,0.085818,103.906973,96.659468,1.217666
20.5,28.86301,12.612326,99.917922,12.619431,0.085769,103.906973,96.659468,1.217874
21,28.863995,12.615343,99.936268,12.619431,0.085756,103.946333,96.699778,1.217377
21.5,28.863995,12.615343,99.936268,12.625216,0.085712,103.946333,96.699778,1.216605
22,28.851045,12.616745,99.953968,12.625216,0.085744,103.967243,96.723728,1.217417
22.5,28.857938,12.619398,99.956355,12.625216,0.085849,103.993762,96.739054,1.218269
23,28.857938,12.619398,99.956355,12.625216,0.085831,103.993762,96.739054,1.218671
23.5,28.854689,12.620586,99.978281,12.625216,0.085853,104.018756,96.764087,1.218833
24,28.854689,12.620586,99.978281,12.625216,0.085706,104.018756,96.764087,1.218968
24.5,28.851587,12.62295,99.996826,12.631,0.085749,104.038928,96.794049,1.219762
25,28.850454,12.624569,100.017609,12.631,0.08585,104.071646,96.818491,1.218611
25.5,28.850454,12.624569,100.017609,12.631,0.085873,104.071646,96.818491,1.217907
26,28.844841,12.626624,100.025365,12.631,0.085855,104.085963,96.840223,1.219004
26.5,28.844841,12.626624,100.025365,12.636785,0.085879,104.085963,96.840223,1.21768
27,28.854689,12.628039,100.03859,12.636785,0.085804,104.115336,96.876492,1.218024
27.5,28.842723,12.629969,100.064743,12.636785,0.085825,104.14456,96.895366,1.218648
28,28.842723,12.629969,100.064743,12.642569,0.085842,104.14456,96.895366,1.218133
28.5,28.832777,12.631184,100.078316,12.636785,0.085922,104.160452,96.917295,1.216694
29,28.832777,12.631184,100.078316,12.636785,0.085884,104.160452,96.917295,1.21952
29.5,28.844939,12.633324,100.091641,12.636785,0.085892,104.198189,96.949868,1.218553
30,28.835042,12.635061,100.116053,12.648354,0.085917,104.208078,96.972142,1.218034
30.5,28.835042,12.635061,100.116053,12.642569,0.08591,104.208078,96.972142,1.217632
31,28.840409,12.636771,100.126792,12.642569,0.085849,104.236663,96.992346,1.218579
31.5,28.840409,12.636771,100.126792,12.642569,0.08588,104.236663,96.992346,1.219544
32,28.84228,12.63792,100.147376,12.642569,0.085882,104.267856,97.010727,1.220108
32.5,28.84228,12.63792,100.147376,12.654138,0.085888,104.267856,97.010727,1.21913
33,28.833516,12.639647,100.162889,12.648354,0.08598,104.291226,97.042808,1.218622
33.5,28.831989,12.640826,100.185412,12.648354,0.085973,104.319024,97.061435,1.216907
34,28.831989,12.640826,100.185412,12.648354,0.085992,104.319024,97.061435,1.216686
34.5,28.822191,12.641978,100.199184,12.648354,0.086015,104.328815,97.078486,1.217627
35,28.822191,12.641978,100.199184,12.648354,0.085998,104.328815,97.078486,1.218552
35.5,28.835387,12.644759,100.223049,12.648354,0.08591,104.371422,97.104111,1.218593
36,28.82741,12.644861,100.235379,12.659923,0.085951,104.372898,97.122048,1.217968
36.5,28.82741,12.644861,100.235379,12.659923,0.086007,104.372898,97.122048,1.217855
37,28.830857,12.646591,100.250246,12.654138,0.085985,104.400942,97.146195,1.217005
37.5,28.830857,12.646591,100.250246,12.654138,0.086003,104.400942,97.146195,1.217905
38,28.834304,12.647884,100.263521,12.654138,0.086023,104.413882,97.171228,1.217967
38.5,28.828641,12.649792,100.295838,12.654138,0.086064,104.415653,97.197099,1.21735
39,28.828641,12.649792,100.295838,12.654138,0.085971,104.415653,97.197099,1.21695
39.5,28.830808,12.652185,100.3115,12.659923,0.085981,104.447288,97.217994,1.21829
40,28.830808,12.652185,100.3115,12.659923,0.085961,104.447288,97.217994,1.218266
40.5,28.836421,12.65316,100.312892,12.659923,0.085993,104.45088,97.239184,1.216819
41,28.836421,12.65316,100.312892,12.659923,0.086017,104.45088,97.239184,1.216557
41.5,28.816085,12.655573,100.347099,12.659923,0.086101,104.476956,97.265449,1.216595
42,28.826967,12.656377,100.361319,12.659923,0.086104,104.502393,97.280627,1.21838
42.5,28.826967,12.656377,100.361319,12.659923,0.086147,104.502393,97.280627,1.21704
43,28.818448,12.658278,100.381455,12.665707,0.086155,104.512085,97.298121,1.214355
43.5,28.818448,12.658278,100.381455,12.665707,0.086034,104.512085,97.298121,1.214299
44,28.819975,12.658964,100.415761,12.665707,0.086059,104.529551,97.308519,1.214055
44.5,28.815445,12.660996,100.416855,12.665707,0.086048,104.540178,97.33099,1.21519
45,28.815445,12.660996,100.416855,12.677276,0.086107,104.540178,97.33099,1.215674
45.5,28.813918,12.662031,100.435549,12.665707,0.086123,104.543327,97.362824,1.21697
46,28.813918,12.662031,100.435549,12.671492,0.086207,104.543327,97.362824,1.217344
46.5,28.820221,12.66405,100.456133,12.671492,0.086202,104.564483,97.36652,1.21724
47,28.808945,12.665855,100.480098,12.671492,0.08616,104.572257,97.377263,1.216902
47.5,28.808945,12.665855,100.480098,12.671492,0.08617,104.572257,97.377263,1.216586
48,28.812589,12.666341,100.503019,12.677276,0.086102,104.577324,97.398551,1.216378
48.5,28.812589,12.666341,100.503019,12.677276,0.086205,104.577324,97.398551,1.217494
49,28.807468,12.668685,100.519873,12.677276,0.086228,104.588739,97.414222,1.21631
49.5,28.807468,12.668685,100.519873,12.677276,0.086203,104.588739,97.414222,1.216216
50,28.799344,12.669404,100.547169,12.677276,0.086236,104.593905,97.429005,1.215931
50.5,28.805892,12.671998,100.548164,12.677276,0.086283,104.610288,97.441276,1.214624
51,28.805892,12.671998,100.548164,12.688845,0.08612,104.610288,97.441276,1.214256
51.5,28.804218,12.673429,100.560892,12.683061,0.086199,104.616487,97.462022,1.215478
52,28.804218,12.673429,100.560892,12.677276,0.086211,104.616487,97.462022,1.214103
52.5,28.802298,12.674227,100.594651,12.683061,0.086294,104.624704,97.475032,1.214881
53,28.801904,12.676348,100.61076,12.683061,0.086283,104.629624,97.497207,1.215845
53.5,28.801904,12.676348,100.61076,12.683061,0.086292,104.629624,97.497207,1.215886
54,28.795158,12.677165,100.622544,12.683061,0.086254,104.631838,97.496862,1.215092
54.5,28.795158,12.677165,100.622544,12.683061,0.086155,104.631838,97.496862,1.214316
55,28.801461,12.678715,100.656701,12.683061,0.086177,104.636905,97.507851,1.21461
55.5,28.797719,12.68078,100.666595,12.688845,0.086189,104.631936,97.530125,1.214258
56,28.797719,12.68078,100.666595,12.688845,0.086278,104.631936,97.530125,1.214637
56.5,28.796537,12.681925,100.680019,12.688845,0.086292,104.6434,97.524064,1.214923
57,28.796537,12.681925,100.680019,12.688845,0.08636,104.6434,97.524064,1.21457
57.5,28.808994,12.683803,100.699062,12.688845,0.086281,104.641038,97.532096,1.21417
58,28.808994,12.683803,100.699062,12.688845,0.086187,104.641038,97.532096,1.215796
58.5,28.79373,12.684588,100.725314,12.69463,0.086211,104.644876,97.543381,1.216943
59,28.796143,12.68641,100.737048,12.69463,0.08623,104.660964,97.548506,1.216252
59.5,28.796143,12.68641,100.737048,12.700414,0.086268,104.660964,97.548506,1.215919
60,28.787625,12.688107,100.750422,12.69463,0.086271,104.654716,97.560087,1.216155
60.5,28.787625,12.688107,100.750422,12.69463,0.086342,104.654716,97.560087,1.21672
61,28.785261,12.689716,100.776376,12.69463,0.086256,104.650927,97.56669,1.217415
61.5,28.79309,12.691725,100.791987,12.69463,0.086284,104.646893,97.573293,1.217451
62,28.79309,12.691725,100.791987,12.69463,0.086269,104.646893,97.573293,1.21656
62.5,28.79117,12.693094,100.804467,12.69463,0.086243,104.642859,97.584135,1.214184
63,28.79117,12.693094,100.804467,12.700414,0.086309,104.642859,97.584135,1.214667
63.5,28.791564,12.694506,100.809936,12.700414,0.086361,104.656684,97.587584,1.215354
64,28.788265,12.69643,100.82704,12.700414,0.086371,104.631001,97.595764,1.216106
64.5,28.788265,12.69643,100.82704,12.711983,0.086367,104.631001,97.595764,1.215518
65,28.783242,12.69858,100.851004,12.700414,0.086294,104.636118,97.60971,1.215987
65.5,28.783242,12.69858,100.851004,12.706199,0.086328,104.636118,97.60971,1.215594
66,28.791318,12.698885,100.872135,12.706199,0.086324,104.631887,97.596602,1.214433
66.5,28.791318,12.698885,100.872135,12.711983,0.086376,104.631887,97.596602,1.214655
67,28.777974,12.701495,100.877853,12.706199,0.086438,104.640153,97.608725,1.214772
67.5,28.779992,12.702135,100.897094,12.706199,0.086409,104.632379,97.611238,1.215737
68,28.779992,12.702135,100.897094,12.711983,0.086398,104.632379,97.611238,1.214934
68.5,28.772607,12.704384,100.909623,12.711983,0.086361,104.626573,97.613406,1.213478
69,28.772607,12.704384,100.909623,12.711983,0.086368,104.626573,97.613406,1.213239
69.5,28.768421,12.706072,100.920661,12.711983,0.086313,104.629378,97.619369,1.214023
70,28.774231,12.707795,100.95268,12.711983,0.086345,104.622736,97.626909,1.213443
70.5,28.774231,12.707795,100.95268,12.711983,0.086437,104.622736,97.626909,1.21369
71,28.767633,12.709539,100.958149,12.711983,0.086416,104.611321,97.619369,1.212513
71.5,28.767633,12.709539,100.958149,12.711983,0.086419,104.611321,97.619369,1.212201
72,28.769701,12.709998,100.97038,12.717768,0.086489,104.616586,97.634153,1.2123
72.5,28.768815,12.711925,100.997676,12.717768,0.086485,104.602515,97.61932,1.212913
73,28.768815,12.711925,100.997676,12.717768,0.086496,104.602515,97.61932,1.213769
73.5,28.761626,12.713032,101.010504,12.717768,0.086366,104.599267,97.621685,1.213548
74,28.761626,12.713032,101.010504,12.717768,0.086415,104.599267,97.621685,1.212639
74.5,28.770982,12.713793,101.015426,12.717768,0.086419,104.599858,97.6309,1.214236
75,28.770982,12.713793,101.015426,12.717768,0.08652,104.599858,97.6309,1.211997
75.5,28.762562,12.715464,101.036109,12.723553,0.08649,104.593806,97.632477,1.211752
76,28.757884,12.717001,101.047197,12.723553,0.086458,104.595184,97.631393,1.211505
76.5,28.757884,12.717001,101.047197,12.723553,0.086519,104.595184,97.631393,1.212545
77,28.760494,12.718557,101.057489,12.723553,0.086464,104.582441,97.630358,1.211941
77.5,28.760494,12.718557,101.057489,12.723553,0.086421,104.582441,97.630358,1.212799
78,28.752714,12.720635,101.063753,12.729337,0.08651,104.584704,97.626564,1.212582
78.5,28.76074,12.72164,101.069372,12.729337,0.086535,104.572601,97.631689,1.213122
79,28.76074,12.72164,101.069372,12.729337,0.086599,104.572601,97.631689,1.212377
79.5,28.760641,12.723005,101.098656,12.729337,0.086578,104.559071,97.615525,1.213263
80,28.760641,12.723005,101.098656,12.729337,0.086459,104.559071,97.615525,1.213913
80.5,28.756111,12.724348,101.107904,12.729337,0.086452,104.567091,97.619468,1.214758
81,28.757392,12.726525,101.118842,12.729337,0.086475,104.550264,97.626564,1.211959
81.5,28.757392,12.726525,101.118842,12.735122,0.086519,104.550264,97.626564,1.212402
82,28.752517,12.726843,101.13694,12.735122,0.086505,104.548641,97.618137,1.211419
82.5,28.752517,12.726843,101.13694,12.735122,0.086559,104.548641,97.618137,1.211606
83,28.755324,12.728764,101.136095,12.735122,0.086534,104.536242,97.609365,1.212105
83.5,28.755324,12.728764,101.136095,12.735122,0.086582,104.536242,97.609365,1.212595
84,28.7504,12.73118,101.147779,12.746691,0.086605,104.538161,97.618876,1.213293
84.5,28.742571,12.731896,101.15817,12.740906,0.086526,104.532798,97.616117,1.212986
85,28.742571,12.731896,101.15817,12.740906,0.08654,104.532798,97.616117,1.212883
85.5,28.747888,12.733639,101.163391,12.740906,0.086673,104.503819,97.602171,1.212631
86,28.747888,12.733639,101.163391,12.740906,0.086664,104.503819,97.602171,1.212135
86.5,28.74065,12.735005,101.185267,12.740906,0.086658,104.510855,97.607936,1.212775
87,28.751089,12.736587,101.176815,12.740906,0.086517,104.496341,97.603748,1.210224
87.5,28.751089,12.736587,101.176815,12.746691,0.086538,104.496341,97.603748,1.209803
88,28.745525,12.738462,101.197399,12.746691,0.086575,104.486156,97.592069,1.211162
88.5,28.745525,12.738462,101.197399,12.746691,0.086654,104.486156,97.592069,1.212756
89,28.736317,12.739883,101.209481,12.746691,0.086709,104.480351,97.603403,1.212111
89.5,28.736317,12.739883,101.209481,12.746691,0.086699,104.480351,97.603403,1.21128
90,28.739173,12.741167,101.213259,12.746691,0.086667,104.463131,97.586648,1.210364
90.5,28.734692,12.742001,101.225938,12.746691,0.086683,104.463524,97.578172,1.210163
91,28.734692,12.742001,101.225938,12.746691,0.086688,104.463524,97.578172,1.210589
91.5,28.737794,12.743691,101.214353,12.752475,0.086705,104.456784,97.576447,1.210343
92,28.737794,12.743691,101.214353,12.752475,0.086655,104.456784,97.576447,1.210826
92.5,28.730359,12.74529,101.23613,12.752475,0.086728,104.444386,97.567528,1.212249
93,28.725337,12.746088,101.250996,12.752475,0.086718,104.436366,97.564029,1.211565
93.5,28.725337,12.746088,101.250996,12.752475,0.086755,104.436366,97.564029,1.211285
94,28.738828,12.747001,101.266708,12.752475,0.086735,104.415161,97.556243,1.21113
94.5,28.738828,12.747001,101.266708,12.752475,0.086649,104.415161,97.556243,1.21201
95,28.726518,12.748819,101.269144,12.752475,0.086694,104.416834,97.549985,1.211371
95.5,28.732969,12.749752,101.265117,12.75826,0.086715,104.39676,97.55166,1.210804
96,28.732969,12.749752,101.265117,12.75826,0.086717,104.39676,97.55166,1.210362
96.5,28.728537,12.750966,101.284855,12.75826,0.086732,104.38815,97.541164,1.210526
97,28.728537,12.750966,101.284855,12.75826,0.086814,104.38815,97.541164,1.210078
97.5,28.719428,12.75333,101.302307,12.75826,0.086811,104.383427,97.530322,1.209813
98,28.719428,12.75333,101.302307,12.75826,0.086818,104.383427,97.530322,1.210203
98.5,28.728931,12.754624,101.295346,12.764044,0.086745,104.358482,97.531899,1.210774
99,28.726272,12.755595,101.304395,12.764044,0.086757,104.353907,97.523374,1.21055
99.5,28.726272,12.755595,101.304395,12.764044,0.086819,104.353907,97.523374,1.210009
100,28.727454,12.757276,101.312499,12.764044,0.08682,104.337966,97.50933,1.209933
100.5,28.727454,12.757276,101.312499,12.764044,0.086796,104.337966,97.50933,1.210515
101,28.726026,12.759154,101.322294,12.764044,0.086893,104.32173,97.508837,1.209917
101.5,28.720413,12.75985,101.329056,12.764044,0.086795,104.322615,97.492279,1.210637
102,28.720413,12.75985,101.329056,12.775613,0.086815,104.322615,97.492279,1.21071
102.5,28.726666,12.761544,101.334077,12.764044,0.086836,104.311053,97.486169,1.207792
103,28.726666,12.761544,101.334077,12.769829,0.086792,104.311053,97.486169,1.208512
103.5,28.714307,12.7631,101.33537,12.769829,0.086799,104.296539,97.481931,1.209464
104,28.722185,12.764236,101.345811,12.769829,0.086873,104.278827,97.466703,1.208593
104.5,28.722185,12.764236,101.345811,12.769829,0.086888,104.278827,97.466703,1.210176
105,28.718788,12.76594,101.350336,12.769829,0.086912,104.271152,97.459804,1.209484
105.5,28.718788,12.76594,101.350336,12.775613,0.086913,104.271152,97.459804,1.210077
106,28.714159,12.76706,101.353269,12.775613,0.086785,104.266872,97.457143,1.209774
106.5,28.714603,12.768819,101.347551,12.775613,0.086821,104.245765,97.441374,1.208899
107,28.714603,12.768819,101.347551,12.775613,0.086859,104.245765,97.441374,1.21027
107.5,28.700865,12.77092,101.366246,12.775613,0.086874,104.239172,97.436298,1.210119
108,28.700865,12.77092,101.366246,12.781398,0.086899,104.239172,97.436298,1.210965
108.5,28.707758,12.771268,101.374151,12.775613,0.086979,104.234006,97.420283,1.210848
109,28.707758,12.771268,101.374151,12.781398,0.086981,104.234006,97.420283,1.208824
109.5,28.713421,12.772975,101.371466,12.781398,0.086945,104.217426,97.416488,1.207848
110,28.70377,12.774075,101.383001,12.781398,0.086979,104.212752,97.406041,1.205507
110.5,28.70377,12.774075,101.383001,12.781398,0.086896,104.212752,97.406041,1.208327
111,28.711796,12.776055,101.386879,12.781398,0.086985,104.197451,97.395841,1.208462
111.5,28.711796,12.776055,101.386879,12.781398,0.086979,104.197451,97.395841,1.20947
112,28.701997,12.777611,101.377085,12.781398,0.087026,104.19194,97.382486,1.209467
112.5,28.712485,12.778583,101.392597,12.787182,0.087018,104.178017,97.385246,1.210895
113,28.712485,12.778583,101.392597,12.787182,0.086909,104.178017,97.385246,1.209807
113.5,28.714652,12.779804,101.382255,12.787182,0.086888,104.166405,97.372433,1.209063
114,28.714652,12.779804,101.382255,12.787182,0.086973,104.166405,97.372433,1.209766
114.5,28.703179,12.781813,101.388122,12.787182,0.08696,104.152285,97.359177,1.209485
115,28.71219,12.782499,101.392348,12.792967,0.087059,104.140477,97.345626,1.20858
115.5,28.71219,12.782499,101.392348,12.792967,0.08706,104.140477,97.345626,1.208498
116,28.710811,12.78377,101.387476,12.787182,0.087025,104.139444,97.329511,1.209551
116.5,28.710811,12.78377,101.387476,12.787182,0.086925,104.139444,97.329511,1.210828
117,28.706429,12.785027,101.399408,12.787182,0.086933,104.124241,97.3303,1.210268
117.5,28.706429,12.785027,101.399408,12.792967,0.087058,104.124241,97.3303,1.209532
118,28.718739,12.786331,101.392846,12.792967,0.087058,104.113269,97.319163,1.210052
118.5,28.70185,12.788258,101.399011,12.792967,0.087056,104.12247,97.304379,1.211405
119,28.70185,12.788258,101.399011,12.792967,0.087107,104.12247,97.304379,1.208822
119.5,28.70441,12.788829,101.415667,12.792967,0.087027,104.101412,97.299008,1.209158
120,28.70441,12.788829,101.415667,12.798751,0.08697,104.101412,97.299008,1.208755
120.5,28.703967,12.790113,101.409651,12.798751,0.086992,104.090342,97.294228,1.20651
121,28.698058,12.792378,101.418501,12.798751,0.087034,104.074598,97.27565,1.208337
121.5,28.698058,12.792378,101.418501,12.798751,0.087032,104.074598,97.27565,1.210426
122,28.71091,12.793215,101.413678,12.798751,0.087049,104.069088,97.266188,1.2108
122.5,28.71091,12.793215,101.413678,12.798751,0.087137,104.069088,97.266188,1.210736
123,28.692002,12.795516,101.41149,12.804536,0.087049,104.063331,97.265498,1.210306
123.5,28.69599,12.796258,101.421981,12.804536,0.087041,104.054574,97.259437,1.208459
124,28.69599,12.796258,101.421981,12.804536,0.087037,104.054574,97.259437,1.208698
124.5,28.692396,12.798117,101.42213,12.804536,0.08701,104.04557,97.248251,1.210118
125,28.692396,12.798117,101.42213,12.804536,0.087054,104.04557,97.248251,1.209833
125.5,28.688259,12.799502,101.417457,12.804536,0.087054,104.036665,97.23667,1.209213
126,28.688259,12.799502,101.417457,12.81032,0.087099,104.036665,97.23667,1.210497
126.5,28.701308,12.800533,101.430036,12.81032,0.087158,104.021905,97.225336,1.207348
127,28.691509,12.802775,101.416611,12.81032,0.08721,104.017378,97.217452,1.207732
127.5,28.691509,12.802775,101.416611,12.81032,0.08722,104.017378,97.217452,1.208915
128,28.695892,12.803533,101.414175,12.81032,0.087092,103.997157,97.204294,1.208498
128.5,28.695892,12.803533,101.414175,12.81032,0.087092,103.997157,97.204294,1.208694
129,28.694858,12.804046,101.431428,12.816105,0.08712,103.994648,97.193157,1.209447
129.5,28.689047,12.806055,101.436847,12.81032,0.08711,103.980921,97.189166,1.21105
130,28.689047,12.806055,101.436847,12.81032,0.087105,103.980921,97.189166,1.209269
130.5,28.693134,12.807273,101.427102,12.816105,0.087184,103.981856,97.175614,1.208033
131,28.693134,12.807273,101.427102,12.816105,0.087189,103.981856,97.175614,1.208124
131.5,28.688653,12.808313,101.414424,12.816105,0.087216,103.967194,97.167779,1.208721
132,28.688653,12.808313,101.414424,12.816105,0.087267,103.967194,97.167779,1.210049
132.5,28.689589,12.809617,101.431875,12.816105,0.087171,103.964291,97.16497,1.210532
133,28.693922,12.811068,101.430135,12.821889,0.087205,103.955189,97.153439,1.210115
133.5,28.693922,12.811068,101.430135,12.821889,0.087198,103.955189,97.153439,1.210473
134,28.680726,12.811816,101.412037,12.821889,0.087218,103.949335,97.15541,1.210424
134.5,28.680726,12.811816,101.412037,12.821889,0.087302,103.949335,97.15541,1.210122
135,28.693922,12.813451,101.425213,12.821889,0.087268,103.946579,97.145061,1.209838
135.5,28.686487,12.814627,101.430881,12.821889,0.087228,103.942348,97.140872,1.210165
136,28.686487,12.814627,101.430881,12.827674,0.087212,103.942348,97.140872,1.210348
136.5,28.679987,12.815982,101.418103,12.821889,0.087162,103.91765,97.124266,1.210895
137,28.679987,12.815982,101.418103,12.827674,0.087169,103.91765,97.124266,1.208539
137.5,28.686832,12.817818,101.428395,12.827674,0.087187,103.919077,97.118007,1.206855
138,28.67073,12.818277,101.418501,12.827674,0.087258,103.917059,97.107806,1.208229
138.5,28.67073,12.818277,101.418501,12.827674,0.087272,103.917059,97.107806,1.209205
139,28.674916,12.820208,101.423622,12.827674,0.087359,103.915141,97.105737,1.209763
139.5,28.674916,12.820208,101.423622,12.827674,0.087208,103.915141,97.105737,1.209396
140,28.673832,12.821744,101.422826,12.833458,0.08718,103.911598,97.09524,1.208119
140.5,28.67137,12.823931,101.420987,12.833458,0.087228,103.89182,97.080949,1.208619
141,28.67137,12.823931,101.420987,12.833458,0.087248,103.89182,97.080949,1.209468
141.5,28.679002,12.824699,101.420191,12.833458,0.087276,103.892656,97.082034,1.209461
142,28.679002,12.824699,101.420191,12.833458,0.087349,103.892656,97.082034,1.207856
142.5,28.67462,12.826701,101.424368,12.833458,0.087249,103.880553,97.084793,1.208689
143,28.67462,12.826701,101.424368,12.833458,0.087255,103.880553,97.084793,1.210248
143.5,28.678855,12.82834,101.410695,12.839243,0.087245,103.871402,97.072424,1.210058
144,28.680923,12.829666,101.41328,12.839243,0.087266,103.872238,97.060351,1.210246
144.5,28.680923,12.829666,101.41328,12.839243,0.087266,103.872238,97.060351,1.210994
145,28.6662,12.831143,101.411341,12.839243,0.087341,103.866039,97.053994,1.210288
145.5,28.6662,12.831143,101.411341,12.839243,0.087406,103.866039,97.053994,1.210359
146,28.673044,12.832089,101.419943,12.845027,0.087438,103.865498,97.043399,1.21021
146.5,28.666151,12.834669,101.416015,12.839243,0.087322,103.857823,97.046947,1.210373
147,28.666151,12.834669,101.416015,12.839243,0.087319,103.857823,97.046947,1.208979
147.5,28.668416,12.835986,101.408756,12.845027,0.08731,103.847491,97.035564,1.208477
148,28.668416,12.835986,101.408756,12.845027,0.087413,103.847491,97.035564,1.208442
148.5,28.669548,12.838596,101.420489,12.850812,0.087439,103.850049,97.030981,1.209785
149,28.659504,12.839423,101.403336,12.845027,0.087378,103.841931,97.031079,1.209366
149.5,28.659504,12.839423,101.403336,12.850812,0.087384,103.841931,97.031079,1.207984
150,28.677575,12.840756,101.407413,12.850812,0.087385,103.851427,97.019154,1.206703
150.5,28.677575,12.840756,101.407413,12.850812,0.087341,103.851427,97.019154,1.20923
151,28.661966,12.842916,101.424517,12.850812,0.087484,103.846064,97.017331,1.210503
151.5,28.661966,12.842916,101.424517,12.850812,0.087489,103.846064,97.017331,1.210823
152,28.661424,12.84462,101.404927,12.850812,0.087478,103.833469,97.005208,1.210706
152.5,28.669204,12.846294,101.414871,12.862381,0.087475,103.848425,97.003631,1.210848
153,28.669204,12.846294,101.414871,12.856596,0.087371,103.848425,97.003631,1.211913
153.5,28.656451,12.847479,101.415518,12.856596,0.0874,103.841341,97.003385,1.210108
154,28.656451,12.847479,101.415518,12.856596,0.087432,103.841341,97.003385,1.210342
154.5,28.659651,12.850651,101.408109,12.856596,0.087464,103.849901,96.991114,1.209042
155,28.65911,12.851373,101.417357,12.856596,0.087489,103.859495,96.991558,1.211784
155.5,28.65911,12.851373,101.417357,12.862381,0.087508,103.859495,96.991558,1.210643
156,28.661572,12.854121,101.404231,12.862381,0.087491,103.860233,96.985152,1.209799
156.5,28.661572,12.854121,101.404231,12.862381,0.087503,103.860233,96.985152,1.209217
157,28.6565,12.855838,101.416363,12.862381,0.087469,103.86904,96.979041,1.209828
157.5,28.6565,12.855838,101.416363,12.862381,0.087484,103.86904,96.979041,1.209429
158,28.654727,12.85744,101.419992,12.862381,0.087559,103.874354,96.983525,1.211187
158.5,28.6565,12.859039,101.397022,12.868165,0.08756,103.876076,96.988108,1.213122
159,28.6565,12.859039,101.397022,12.868165,0.087561,103.876076,96.988108,1.213201
159.5,28.647834,12.860756,101.411391,12.868165,0.0876,103.879323,96.974507,1.213211
160,28.647834,12.860756,101.411391,12.868165,0.087476,103.879323,96.974507,1.214661
160.5,28.659061,12.863684,101.401149,12.87395,0.087497,103.881488,96.982146,1.214123
161,28.660833,12.865746,101.408159,12.87395,0.087516,103.901906,96.976331,1.213997
161.5,28.660833,12.865746,101.408159,12.87395,0.087521,103.901906,96.976331,1.213874
162,28.652019,12.868497,101.403635,12.879734,0.087531,103.898363,96.967263,1.213871
162.5,28.652019,12.868497,101.403635,12.879734,0.087542,103.898363,96.967263,1.214072
163,28.660045,12.870486,101.408358,12.879734,0.087623,103.920454,96.97091,1.215389
163.5,28.650148,12.872236,101.409601,12.879734,0.087623,103.932262,96.976873,1.215969
164,28.650148,12.872236,101.409601,12.879734,0.087613,103.932262,96.976873,1.215984
164.5,28.645077,12.873815,101.403684,12.879734,0.087526,103.938019,96.979435,1.215895
165,28.645077,12.873815,101.403684,12.879734,0.087539,103.938019,96.979435,1.2149
165.5,28.649557,12.875867,101.40453,12.885519,0.087603,103.958929,96.980224,1.215488
166,28.642861,12.878201,101.412932,12.885519,0.087657,103.968129,96.984856,1.215557
166.5,28.642861,12.878201,101.412932,12.885519,0.087728,103.968129,96.984856,1.216985
167,28.654974,12.880234,101.410844,12.885519,0.087724,103.991253,96.986926,1.216944
167.5,28.654974,12.880234,101.410844,12.885519,0.087634,103.991253,96.986926,1.217035
168,28.636361,12.882082,101.399955,12.891303,0.08765,104.014869,96.991213,1.215472
168.5,28.636361,12.882082,101.399955,12.891303,0.087598,104.014869,96.991213,1.216175
169,28.647292,12.883185,101.417407,12.891303,0.087606,104.029728,96.996289,1.217046
169.5,28.65261,12.884557,101.421384,12.891303,0.087689,104.051277,96.995796,1.2172
170,28.65261,12.884557,101.421384,12.891303,0.087699,104.051277,96.995796,1.216465
170.5,28.639857,12.887151,101.41691,12.902872,0.087739,104.060232,97.023885,1.217355
171,28.639857,12.887151,101.41691,12.891303,0.087761,104.060232,97.023885,1.218235
171.5,28.655761,12.888907,101.416761,12.897088,0.087644,104.087292,97.011319,1.21797
172,28.646258,12.890322,101.426307,12.897088,0.087701,104.115926,97.032558,1.217863
172.5,28.646258,12.890322,101.426307,12.897088,0.0877,104.115926,97.032558,1.218383
173,28.647883,12.892108,101.436797,12.902872,0.087703,104.130538,97.03926,1.21803
173.5,28.647883,12.892108,101.436797,12.902872,0.087782,104.130538,97.03926,1.218981
174,28.651576,12.894065,101.434659,12.902872,0.087778,104.154204,97.057394,1.21933
174.5,28.643796,12.89504,101.436797,12.902872,0.087803,104.168521,97.06523,1.218126
175,28.643796,12.89504,101.436797,12.902872,0.087805,104.168521,97.06523,1.218619
175.5,28.648966,12.8972,101.437344,12.902872,0.087724,104.199566,97.081393,1.219307
176,28.648966,12.8972,101.437344,12.908657,0.087695,104.199566,97.081393,1.218902
176.5,28.640202,12.899295,101.443261,12.902872,0.087667,104.22761,97.086863,1.220208
177,28.640202,12.899295,101.443261,12.902872,0.087764,104.22761,97.086863,1.21912
177.5,28.638331,12.901448,101.448382,12.908657,0.087791,104.246503,97.111897,1.219953
178,28.652709,12.902295,101.44878,12.908657,0.087792,104.283895,97.124068,1.219673
178.5,28.652709,12.902295,101.44878,12.908657,0.087713,104.283895,97.124068,1.220066
179,28.644486,12.904652,101.455989,12.908657,0.087713,104.30205,97.130967,1.221833
179.5,28.644486,12.904652,101.455989,12.914441,0.087793,104.30205,97.130967,1.222502
180,28.632865,12.906126,101.463497,12.914441,0.087876,104.332406,97.160338,1.221118
180.5,28.633407,12.908661,101.456387,12.914441,0.08788,104.363698,97.159697,1.220143
181,28.633407,12.908661,101.456387,12.920226,0.087754,104.363698,97.159697,1.219463
181.5,28.62996,12.910503,101.456188,12.914441,0.087734,104.391791,97.186455,1.219383
182,28.62996,12.910503,101.456188,12.914441,0.087728,104.391791,97.186455,1.218876
182.5,28.641433,12.912305,101.477319,12.914441,0.087742,104.428051,97.209419,1.218576
183,28.630846,12.913086,101.476722,12.920226,0.087764,104.461409,97.216367,1.218998
183.5,28.630846,12.913086,101.476722,12.920226,0.087844,104.461409,97.216367,1.218954
184,28.629418,12.915276,101.491538,12.920226,0.087832,104.490191,97.235537,1.218939
184.5,28.629418,12.915276,101.491538,12.920226,0.087849,104.490191,97.235537,1.220235
185,28.630058,12.915765,101.490793,12.92601,0.087781,104.530043,97.264069,1.220629
185.5,28.630058,12.915765,101.490793,12.92601,0.087797,104.530043,97.264069,1.221242
186,28.625332,12.919022,101.495814,12.92601,0.08785,104.546279,97.279691,1.2208
186.5,28.624199,12.920775,101.516299,12.92601,0.087908,104.568419,97.306153,1.220878
187,28.624199,12.920775,101.516299,12.92601,0.0879,104.568419,97.306153,1.218004
187.5,28.625725,12.92242,101.509338,12.931795,0.087853,104.591395,97.334932,1.218339
188,28.625725,12.92242,101.509338,12.931795,0.087887,104.591395,97.334932,1.217666
188.5,28.628187,12.924669,101.512669,12.931795,0.087856,104.636955,97.343309,1.219317
189,28.629862,12.926038,101.524403,12.937579,0.087824,104.672182,97.368688,1.220267
189.5,28.629862,12.926038,101.524403,12.931795,0.08787,104.672182,97.368688,1.221117
190,28.622525,12.927732,101.542302,12.931795,0.087881,104.700324,97.414517,1.221825
190.5,28.622525,12.927732,101.542302,12.937579,0.087963,104.700324,97.414517,1.219365
191,28.6306,12.930046,101.54255,12.937579,0.087966,104.727975,97.426985,1.218543
191.5,28.625676,12.930998,101.555179,12.937579,0.087845,104.760447,97.442015,1.217277
192,28.625676,12.930998,101.555179,12.937579,0.087885,104.760447,97.442015,1.215345
192.5,28.630206,12.933273,101.562239,12.937579,0.087899,104.791935,97.461184,1.217115
193,28.630206,12.933273,101.562239,12.937579,0.087931,104.791935,97.461184,1.217369
193.5,28.625922,12.933359,101.571537,12.943364,0.08792,104.834788,97.490209,1.219385
194,28.625922,12.933359,101.571537,12.943364,0.087952,104.834788,97.490209,1.219711
194.5,28.620506,12.935709,101.574122,12.943364,0.087912,104.864849,97.514208,1.220365
195,28.628237,12.937495,101.602114,12.943364,0.087927,104.918035,97.532195,1.22074
195.5,28.628237,12.937495,101.602114,12.943364,0.087899,104.918035,97.532195,1.220615
196,28.62932,12.939534,101.604749,12.949149,0.087893,104.947899,97.556637,1.21955
196.5,28.62932,12.939534,101.604749,12.943364,0.087959,104.947899,97.556637,1.220367
197,28.620358,12.941369,101.61887,12.949149,0.087963,104.968957,97.592956,1.219642
197.5,28.623756,12.942131,101.641194,12.949149,0.088025,105.019436,97.609809,1.21932
198,28.623756,12.942131,101.641194,12.949149,0.087952,105.019436,97.609809,1.220145
198.5,28.607507,12.943927,101.642238,12.949149,0.088,105.045906,97.652534,1.220064
199,28.607507,12.943927,101.642238,12.949149,0.087963,105.045906,97.652534,1.22187
199.5,28.61898,12.945128,101.656905,12.954933,0.088001,105.088414,97.673428,1.219124
200,28.611348,12.946359,101.671572,12.954933,0.087993,105.098648,97.699644,1.218823
200.5,28.611348,12.946359,101.671572,12.954933,0.087939,105.098648,97.699644,1.219286
201,28.612726,12.949009,101.68967,12.954933,0.087985,105.141206,97.729458,1.218051
201.5,28.612726,12.949009,101.68967,12.954933,0.088003,105.141206,97.729458,1.218485
202,28.616912,12.950598,101.710353,12.954933,0.087945,105.171169,97.753801,1.219079
202.5,28.616912,12.950598,101.710353,12.954933,0.088047,105.171169,97.753801,1.218763
203,28.617207,12.952052,101.730141,12.954933,0.088099,105.19754,97.76893,1.218621
203.5,28.614548,12.952528,101.738345,12.978071,0.088116,105.237294,97.818406,1.2184
204,28.614548,12.952528,101.738345,12.960718,0.087977,105.237294,97.818406,1.219453
204.5,28.610412,12.953792,101.753708,12.960718,0.08795,105.263567,97.836836,1.220168
205,28.610412,12.953792,101.753708,12.960718,0.087952,105.263567,97.836836,1.219762
205.5,28.602731,12.954872,101.759774,12.960718,0.08801,105.297711,97.854872,1.22116
206,28.617601,12.956143,101.764895,12.960718,0.088141,105.329298,97.890303,1.22155
206.5,28.617601,12.956143,101.764895,12.960718,0.088137,105.329298,97.890303,1.220543
207,28.602928,12.958142,101.785628,12.960718,0.088126,105.365854,97.908537,1.219286
207.5,28.602928,12.958142,101.785628,12.966502,0.088056,105.365854,97.908537,1.218689
208,28.607458,12.959032,101.795025,12.966502,0.088103,105.394439,97.945397,1.218771
208.5,28.602435,12.960207,101.82083,12.966502,0.088082,105.42878,97.970184,1.218244
209,28.602435,12.960207,101.82083,12.966502,0.088181,105.42878,97.970184,1.219616
209.5,28.602829,12.962016,101.832364,12.966502,0.08816,105.458546,98.003349,1.218154
210,28.602829,12.962016,101.832364,12.966502,0.088158,105.458546,98.003349,1.217597
210.5,28.603962,12.962528,101.860207,12.966502,0.088167,105.48231,98.043166,1.218331
211,28.603962,12.962528,101.860207,12.966502,0.088202,105.48231,98.043166,1.218626
211.5,28.601253,12.964114,101.86498,12.972287,0.088127,105.514782,98.061202,1.21916
212,28.604208,12.966093,101.879001,12.978071,0.088158,105.552125,98.091706,1.219809
212.5,28.604208,12.966093,101.879001,12.972287,0.088138,105.552125,98.091706,1.219799
213,28.595788,12.966491,101.915744,12.978071,0.088184,105.553158,98.120977,1.218635
213.5,28.595788,12.966491,101.915744,12.978071,0.088209,105.553158,98.120977,1.217469
214,28.592538,12.967889,101.918578,12.978071,0.088227,105.597783,98.155029,1.218056
214.5,28.605143,12.968749,101.940007,12.978071,0.088203,105.630009,98.176317,1.218991
215,28.605143,12.968749,101.940007,12.978071,0.08816,105.630009,98.176317,1.220088
215.5,28.580967,12.969879,101.9767,12.978071,0.088153,105.639504,98.205786,1.219959
216,28.580967,12.969879,101.9767,12.978071,0.088239,105.639504,98.205786,1.218524
216.5,28.593375,12.9713,101.971728,12.978071,0.088267,105.654559,98.221999,1.219454
217,28.585743,12.972712,101.996985,12.978071,0.0883,105.67729,98.249348,1.218593
217.5,28.585743,12.972712,101.996985,12.978071,0.088205,105.67729,98.249348,1.218839
218,28.580277,12.973844,102.021,12.98964,0.0882,105.703218,98.27655,1.218617
218.5,28.580277,12.973844,102.021,12.983856,0.088225,105.703218,98.27655,1.2177
219,28.584414,12.974698,102.04034,12.983856,0.088246,105.723833,98.283597,1.216733
219.5,28.584414,12.974698,102.04034,12.983856,0.088287,105.723833,98.283597,1.141539
220,28.582887,12.976628,102.046207,12.983856,0.088333,105.745481,98.32371,0.952111
220.5,28.585546,12.977433,102.078227,12.983856,0.088291,105.760487,98.346378,0.680352
221,28.585546,12.977433,102.078227,12.983856,0.088335,105.760487,98.346378,0.439049
221.5,28.592489,12.972525,102.096772,12.972287,0.088299,105.777412,98.36471,0.284553
222,28.592489,12.972525,102.096772,12.966502,0.088326,105.777412,98.36471,0.16984
222.5,28.581853,12.963306,102.12188,12.972287,0.088341,105.782037,98.389645,0.100758
223,28.591504,12.950821,102.122775,12.949149,0.088424,105.816428,98.410835,0.062646
223.5,28.591504,12.950821,102.122775,12.943364,0.08847,105.816428,98.410835,0
224,28.590716,12.938697,102.156336,12.937579,0.088488,105.825087,98.43099,0
224.5,28.590716,12.938697,102.156336,12.931795,0.08842,105.825087,98.43099,0
225,28.583577,12.926185,102.193277,12.931795,0.088455,105.8458,98.462331,0
225.5,28.590125,12.914206,102.20347,12.914441,0.08847,105.86302,98.463711,0
226,28.590125,12.914206,102.20347,12.908657,0.088477,105.86302,98.463711,0
226.5,28.576831,12.902463,102.217292,12.902872,0.088449,105.869761,98.491849,0
227,28.576831,12.902463,102.217292,12.897088,0.088571,105.869761,98.491849,0
227.5,28.588993,12.891402,102.243245,12.885519,0.08862,105.895591,98.508357,0
228,28.588993,12.891402,102.243245,12.885519,0.088635,105.895591,98.508357,0
228.5,28.583527,12.881731,102.266911,12.879734,0.088647,105.886833,98.53827,0
229,28.574763,12.871718,102.285606,12.87395,0.088652,105.903413,98.537383,0
229.5,28.574763,12.871718,102.285606,12.868165,0.08854,105.903413,98.537383,0
230,28.578997,12.862213,102.30614,12.862381,0.088562,105.91163,98.566851,0
230.5,28.578997,12.862213,102.30614,12.862381,0.08864,105.91163,98.566851,0
231,28.568854,12.853366,102.319813,12.856596,0.088694,105.913942,98.575721,0
231.5,28.576043,12.844341,102.348948,12.845027,0.088769,105.934951,98.587253,0
232,28.576043,12.844341,102.348948,12.845027,0.088755,105.934951,98.587253,0
232.5,28.572793,12.836934,102.346661,12.839243,0.08875,105.933032,98.615637,0
233,28.572793,12.836934,102.346661,12.833458,0.088639,105.933032,98.615637,0
233.5,28.571759,12.82897,102.368389,12.827674,0.088678,105.943708,98.617116,0
234,28.567524,12.821646,102.388724,12.827674,0.088694,105.950055,98.630864,0
234.5,28.567524,12.821646,102.388724,12.816105,0.088711,105.950055,98.630864,0
235,28.55812,12.81503,102.410948,12.816105,0.088799,105.957829,98.650625,0
235.5,28.55812,12.81503,102.410948,12.816105,0.08878,105.957829,98.650625,0
236,28.566441,12.807956,102.423676,12.816105,0.088822,105.972835,98.649492,0
236.5,28.566441,12.807956,102.423676,12.804536,0.088743,105.972835,98.649492,0
237,28.569839,12.801866,102.445951,12.804536,0.088672,105.964175,98.671569,0
237.5,28.561911,12.795516,102.471606,12.798751,0.088713,105.979231,98.685169,0
238,28.561911,12.795516,102.471606,12.798751,0.088823,105.979231,98.685169,0
238.5,28.568558,12.79006,102.488709,12.787182,0.08882,105.98789,98.691526,0
239,28.568558,12.79006,102.488709,12.787182,0.088884,105.98789,98.691526,0
239.5,28.559991,12.785293,102.486124,12.787182,0.088853,105.993351,98.700495,0
240,28.559646,12.781505,102.512177,12.781398,0.088755,105.995319,98.703797,0
240.5,28.559646,12.781505,102.512177,12.781398,0.088745,105.995319,98.703797,0
241,28.560729,12.778754,102.538429,12.781398,0.088752,105.982527,98.706754,0
241.5,28.560729,12.778754,102.538429,12.775613,0.088799,105.982527,98.706754,0
242,28.559006,12.775372,102.540169,12.775613,0.088931,105.998419,98.722079,0
242.5,28.565112,12.771252,102.569752,12.775613,0.088918,105.996451,98.709267,0
243,28.565112,12.771252,102.569752,12.769829,0.088913,105.996451,98.709267,0
243.5,28.556495,12.764476,102.575619,12.75826,0.088895,106.001026,98.721439,0
244,28.556495,12.764476,102.575619,12.75826,0.08879,106.001026,98.721439,0
244.5,28.561813,12.756482,102.603312,12.75826,0.08881,106.004273,98.730752,0
245,28.561813,12.756482,102.603312,12.746691,0.088836,106.004273,98.730752,0
245.5,28.562256,12.749627,102.608483,12.740906,0.088885,105.993548,98.734251,0
246,28.555264,12.74097,102.618527,12.740906,0.088959,105.998222,98.730013,0
246.5,28.555264,12.74097,102.618527,12.735122,0.088953,105.998222,98.730013,0
247,28.564866,12.735504,102.645524,12.735122,0.088886,105.992957,98.742826,0
247.5,28.564866,12.735504,102.645524,12.735122,0.088884,105.992957,98.742826,0
248,28.56004,12.72984,102.645176,12.729337,0.088885,105.983708,98.740608,0
248.5,28.558071,12.724151,102.658053,12.729337,0.088826,105.984101,98.747901,0
249,28.558071,12.724151,102.658053,12.723553,0.088792,105.984101,98.747901,0
249.5,28.565062,12.719371,102.683659,12.717768,0.088908,105.982675,98.741692,0
250,28.565062,12.719371,102.683659,12.717768,0.088954,105.982675,98.741692,0
250.5,28.556643,12.71422,102.691515,12.711983,0.089029,105.989267,98.741544,0
251,28.569199,12.708216,102.701309,12.717768,0.089019,105.984397,98.734497,0
251.5,28.569199,12.708216,102.701309,12.706199,0.088891,105.984397,98.734497,0
252,28.563142,12.703928,102.723037,12.706199,0.088878,105.965602,98.723508,0
252.5,28.563142,12.703928,102.723037,12.717768,0.088863,105.965602,98.723508,0
253,28.565358,12.699942,102.732086,12.700414,0.088847,105.9719,98.723213,0
253.5,28.565358,12.699942,102.732086,12.700414,0.088865,105.9719,98.723213,0
254,28.568706,12.695681,102.750879,12.69463,0.08888,105.950153,98.733216,0
254.5,28.551029,12.691886,102.759531,12.69463,0.088994,105.952564,98.727746,0
255,28.551029,12.691886,102.759531,12.69463,0.088996,105.952564,98.727746,0
255.5,28.550882,12.688376,102.774397,12.69463,0.089,105.93805,98.713061,0
256,28.550882,12.688376,102.774397,12.683061,0.08891,105.93805,98.713061,0
256.5,28.553639,12.682917,102.790207,12.683061,0.088853,105.936771,98.717102,0
257,28.547533,12.67922,102.775391,12.677276,0.088845,105.933376,98.701924,0
257.5,28.547533,12.67922,102.775391,12.683061,0.088916,105.933376,98.701924,0
258,28.552211,12.674995,102.801245,12.677276,0.088931,105.92083,98.692709,0
258.5,28.552211,12.674995,102.801245,12.671492,0.089018,105.92083,98.692709,0
259,28.539901,12.67227,102.797516,12.671492,0.088907,105.906267,98.704733,0
259.5,28.549651,12.669158,102.813029,12.671492,0.088941,105.901101,98.690294,0
260,28.549651,12.669158,102.813029,12.665707,0.088907,105.901101,98.690294,0
260.5,28.544825,12.665376,102.827348,12.665707,0.088868,105.890769,98.684184,0
261,28.544825,12.665376,102.827348,12.665707,0.088889,105.890769,98.684184,0
261.5,28.537587,12.661791,102.832817,12.665707,0.088818,105.890129,98.679601,0
262,28.537587,12.661791,102.832817,12.665707,0.088855,105.890129,98.679601,0
262.5,28.553934,12.656853,102.836596,12.665707,0.088857,105.858838,98.662551,0
263,28.529068,12.652871,102.839827,12.654138,0.088886,105.851999,98.662206,0
263.5,28.529068,12.652871,102.839827,12.648354,0.088977,105.851999,98.662206,0
264,28.550783,12.650954,102.845495,12.648354,0.088971,105.846292,98.651463,0
264.5,28.550783,12.650954,102.845495,12.654138,0.088978,105.846292,98.651463,0
265,28.550044,12.647326,102.861107,12.648354,0.088971,105.83291,98.637369,0
265.5,28.535716,12.643935,102.854743,12.648354,0.088823,105.819773,98.628942,0
266,28.535716,12.643935,102.854743,12.642569,0.088815,105.819773,98.628942,0
266.5,28.540197,12.640658,102.860411,12.636785,0.088851,105.8089,98.616426,0
267,28.540197,12.640658,102.860411,12.636785,0.088972,105.8089,98.616426,0
267.5,28.545022,12.63665,102.873338,12.636785,0.088981,105.804915,98.609428,0
268,28.536996,12.632162,102.870802,12.636785,0.088888,105.785776,98.601396,0
268.5,28.536996,12.632162,102.870802,12.636785,0.088894,105.785776,98.601396,0
269,28.539901,12.628574,102.879851,12.631,0.088847,105.778199,98.586612,0
269.5,28.539901,12.628574,102.879851,12.631,0.088887,105.778199,98.586612,0
270,28.533697,12.625402,102.880249,12.625216,0.088935,105.773771,98.561036,0
270.5,28.533697,12.625402,102.880249,12.631,0.088916,105.773771,98.561036,0
271,28.54389,12.622333,102.881045,12.619431,0.088836,105.744251,98.558868,0
271.5,28.531727,12.618508,102.876073,12.619431,0.088967,105.743218,98.533982,0
272,28.531727,12.618508,102.876073,12.619431,0.088959,105.743218,98.533982,0
272.5,28.537981,12.614309,102.870057,12.619431,0.088942,105.719553,98.519741,0
273,28.537981,12.614309,102.870057,12.619431,0.088935,105.719553,98.519741,0
273.5,28.537095,12.610061,102.881045,12.619431,0.088913,105.691607,98.514862,0
274,28.529659,12.605376,102.871101,12.602078,0.088897,105.684916,98.491159,0
274.5,28.529659,12.605376,102.871101,12.607862,0.088776,105.684916,98.491159,0
275,28.541378,12.601568,102.864239,12.602078,0.088847,105.661447,98.477065,0
275.5,28.541378,12.601568,102.864239,12.602078,0.088911,105.661447,98.477065,0
276,28.530792,12.597451,102.872045,12.596293,0.08888,105.648311,98.465781,0
276.5,28.532023,12.592766,102.852108,12.596293,0.088856,105.624646,98.439811,0
277,28.532023,12.592766,102.852108,12.596293,0.08883,105.624646,98.439811,0
277.5,28.542757,12.588416,102.842612,12.590509,0.088815,105.600931,98.438727,0
278,28.542757,12.588416,102.842612,12.590509,0.088863,105.600931,98.438727,0
278.5,28.525769,12.583252,102.846092,12.584724,0.088863,105.595027,98.426604,0
279,28.525769,12.583252,102.846092,12.584724,0.088879,105.595027,98.426604,0
279.5,28.530053,12.578397,102.828491,12.57894,0.08882,105.564327,98.395411,0
280,28.517842,12.572376,102.825856,12.57894,0.088835,105.556455,98.387477,0
280.5,28.517842,12.572376,102.825856,12.573155,0.088876,105.556455,98.387477,0
281,28.527591,12.567537,102.810592,12.567371,0.088867,105.550747,98.363626,0
281.5,28.527591,12.567537,102.810592,12.567371,0.088885,105.550747,98.363626,0
282,28.524538,12.562139,102.793688,12.561586,0.088851,105.518275,98.346378,0
282.5,28.523701,12.557153,102.788616,12.555802,0.088786,105.496135,98.330313,0
283,28.523701,12.557153,102.788616,12.555802,0.088797,105.496135,98.330313,0
283.5,28.521338,12.550918,102.765845,12.550017,0.088778,105.46814,98.308039,0
284,28.521338,12.550918,102.765845,12.544233,0.088786,105.46814,98.308039,0
284.5,28.515626,12.544582,102.739643,12.544233,0.088789,105.454266,98.287392,0
285,28.521486,12.538578,102.713789,12.538448,0.088854,105.444672,98.27315,0
285.5,28.521486,12.538578,102.713789,12.538448,0.088833,105.444672,98.27315,0
286,28.52119,12.531296,102.703298,12.538448,0.088803,105.422581,98.248954,0
286.5,28.52119,12.531296,102.703298,12.526879,0.088834,105.422581,98.248954,0
287,28.514641,12.525265,102.668594,12.526879,0.088847,105.411905,98.225202,0
287.5,28.514641,12.525265,102.668594,12.526879,0.08873,105.411905,98.225202,0
288,28.531481,12.51801,102.641696,12.51531,0.088744,105.373234,98.212882,0
288.5,28.524292,12.511319,102.61256,12.51531,0.088757,105.359408,98.192826,0
289,28.524292,12.511319,102.61256,12.509526,0.088758,105.359408,98.192826,0
289.5,28.518039,12.504556,102.586557,12.497956,0.088876,105.332742,98.167151,0
290,28.518039,12.504556,102.586557,12.497956,0.088857,105.332742,98.167151,0
290.5,28.524095,12.496477,102.531021,12.497956,0.08884,105.311783,98.145469,0
291,28.518433,12.489129,102.507702,12.492172,0.088769,105.296383,98.126644,0
291.5,28.518433,12.489129,102.507702,12.492172,0.088783,105.296383,98.126644,0
292,28.524145,12.481835,102.452762,12.486387,0.088794,105.255842,98.111368,0
292.5,28.524145,12.481835,102.452762,12.480603,0.088704,105.255842,98.111368,0
293,28.513361,12.47364,102.414727,12.480603,0.088795,105.24428,98.089735,0
293.5,28.511589,12.465009,102.375001,12.469034,0.088803,105.213186,98.066918,0
294,28.511589,12.465009,102.375001,12.463249,0.088837,105.213186,98.066918,0
294.5,28.517694,12.457012,102.306637,12.457465,0.088829,105.199065,98.04834,0
295,28.517694,12.457012,102.306637,12.457465,0.088704,105.199065,98.04834,0
295.5,28.511195,12.449005,102.252195,12.45168,0.088697,105.176581,98.032078,0
296,28.511195,12.449005,102.252195,12.445896,0.088747,105.176581,98.032078,0
296.5,28.514346,12.439832,102.242947,12.434327,0.08874,105.165117,97.996746,0
297,28.512967,12.430095,102.156932,12.428542,0.088728,105.13481,97.980631,0
297.5,28.512967,12.430095,102.156932,12.422758,0.088808,105.13481,97.980631,0
298,28.499328,12.420528,102.066841,12.422758,0.088823,105.123396,97.955598,0
298.5,28.499328,12.420528,102.066841,12.422758,0.088803,105.123396,97.955598,0
299,28.500953,12.410193,102.021646,12.39962,0.08879,105.086053,97.933767,0
299.5,28.50632,12.399924,101.949702,12.405404,0.088674,105.060567,97.914894,0
300,28.50632,12.399924,101.949702,12.393835,0.088662,105.060567,97.914894,0
300.5,28.503415,12.389639,101.882084,12.388051,0.088751,105.042216,97.881138,0
301,28.503415,12.389639,101.882084,12.376482,0.088753,105.042216,97.881138,0
301.5,28.497998,12.378572,101.783789,12.376482,0.08879,105.009744,97.86118,0
302,28.500066,12.367288,101.688924,12.364913,0.088642,104.993065,97.855365,0
302.5,28.500066,12.367288,101.688924,12.364913,0.08866,104.993065,97.855365,0
303,28.501494,12.356083,101.600473,12.359128,0.08877,104.957837,97.820673,0
303.5,28.501494,12.356083,101.600473,12.359128,0.088777,104.957837,97.820673,0
304,28.490563,12.344554,101.493328,12.341775,0.088835,104.949031,97.809486,0
304.5,28.490563,12.344554,101.493328,12.341775,0.088697,104.949031,97.809486,0
305,28.499377,12.33156,101.399806,12.341775,0.088691,104.915575,97.776223,0
305.5,28.505237,12.319649,101.276999,12.324421,0.088744,104.890925,97.754984,0
306,28.505237,12.319649,101.276999,12.307068,0.088743,104.890925,97.754984,0
306.5,28.498589,12.306612,101.163739,12.307068,0.088728,104.871787,97.730837,0
307,28.498589,12.306612,101.163739,12.295499,0.088727,104.871787,97.730837,0
307.5,28.50046,12.292906,101.019006,12.295499,0.088745,104.854468,97.706001,0
308,28.486378,12.279341,100.89426,12.28393,0.088735,104.824948,97.67052,0
308.5,28.486378,12.279341,100.89426,12.27236,0.08874,104.824948,97.67052,0
309,28.490317,12.266317,100.771901,12.266576,0.088842,104.784456,97.65002,0
309.5,28.490317,12.266317,100.771901,12.255007,0.088847,104.784456,97.65002,0
310,28.49337,12.252072,100.68524,12.243438,0.08884,104.7879,97.637996,0
310.5,28.484507,12.237358,100.530265,12.237653,0.08884,104.74977,97.600495,0
311,28.484507,12.237358,100.530265,12.231869,0.088757,104.74977,97.600495,0
311.5,28.490809,12.223743,100.40184,12.2203,0.088745,104.725515,97.574476,0
312,28.490809,12.223743,100.40184,12.2203,0.088812,104.725515,97.574476,0
312.5,28.486673,12.208954,100.212757,12.202946,0.088851,104.70549,97.553927,0
313,28.486673,12.208954,100.212757,12.191377,0.088776,104.70549,97.553927,0
313.5,28.4817,12.194239,100.07225,12.185593,0.088807,104.668049,97.524261,0
314,28.488397,12.178773,99.879389,12.179808,0.088826,104.643843,97.500903,0
314.5,28.488397,12.178773,99.879389,12.162455,0.088838,104.643843,97.500903,0
315,28.472099,12.163415,99.687274,12.15667,0.088834,104.612601,97.482818,0
315.5,28.472099,12.163415,99.687274,12.150886,0.088914,104.612601,97.482818,0
316,28.479337,12.147378,99.529912,12.139317,0.088917,104.594987,97.463648,0
316.5,28.474117,12.132086,99.309655,12.133532,0.088903,104.573733,97.436298,0
317,28.474117,12.132086,99.309655,12.133532,0.08893,104.573733,97.436298,0
317.5,28.469587,12.116288,99.117739,12.116179,0.088876,104.537915,97.412694,0
318,28.469587,12.116288,99.117739,12.10461,0.088862,104.537915,97.412694,0
318.5,28.474462,12.100143,98.876948,12.098825,0.088907,104.516316,97.387118,0
319,28.477761,12.084352,98.66226,12.087256,0.088894,104.481532,97.358241,0
319.5,28.477761,12.084352,98.66226,12.075687,0.088904,104.481532,97.358241,0
320,28.479091,12.067651,98.457516,12.069903,0.088984,104.458408,97.334538,0
320.5,28.479091,12.067651,98.457516,12.069903,0.089036,104.458408,97.334538,0
321,28.481503,12.051492,98.205588,12.04098,0.088993,104.439613,97.316847,0
321.5,28.481503,12.051492,98.205588,12.04098,0.089002,104.439613,97.316847,0
322,28.483473,12.034634,97.974144,12.023626,0.089024,104.403353,97.275305,0
322.5,28.481651,12.017747,97.853973,12.012057,0.089027,104.397301,97.265695,0
323,28.481651,12.017747,97.853973,12.006273,0.089013,104.397301,97.265695,0
323.5,28.478697,12.000714,97.580516,11.994704,0.089086,104.370733,97.231693,0
324,28.478697,12.000714,97.580516,11.983135,0.089051,104.370733,97.231693,0
324.5,28.481897,11.983216,97.279714,11.971566,0.08904,104.327831,97.198874,0
325,28.485984,11.966874,97.055082,11.959997,0.089087,104.309627,97.184681,0
325.5,28.485984,11.966874,97.055082,11.959997,0.089115,104.309627,97.184681,0
326,28.47978,11.948893,96.777798,11.959997,0.089191,104.271595,97.171179,0
326.5,28.47978,11.948893,96.777798,11.931074,0.089175,104.271595,97.171179,0
327,28.484901,11.931148,96.504291,11.92529,0.089202,104.262247,97.134811,0
327.5,28.485984,11.913023,96.18927,11.913721,0.089102,104.228693,97.097507,0
328,28.485984,11.913023,96.18927,11.913721,0.0891,104.228693,97.097507,0
328.5,28.4882,11.894645,95.901196,11.890583,0.089176,104.1944,97.09051,0
329,28.4882,11.894645,95.901196,11.879014,0.0892,104.1944,97.09051,0
329.5,28.493813,11.875879,95.562707,11.867445,0.089219,104.177771,97.056704,0
330,28.493813,11.875879,95.562707,11.867445,0.089283,104.177771,97.056704,0
330.5,28.481897,11.857265,95.2716,11.844307,0.089303,104.132654,97.035958,0
331,28.502676,11.838778,94.97756,11.832737,0.089177,104.119665,96.99619,0
331.5,28.502676,11.838778,94.97756,11.821168,0.089171,104.119665,96.99619,0
332,28.496817,11.819645,94.620973,11.815384,0.089234,104.082421,96.977267,0
332.5,28.496817,11.819645,94.620973,11.79803,0.089244,104.082421,96.977267,0
333,28.502676,11.799169,94.307791,11.786461,0.089275,104.060822,96.954599,0
333.5,28.508683,11.779498,93.977555,11.774892,0.089358,104.026333,96.918527,0
334,28.508683,11.779498,93.977555,11.763323,0.089284,104.026333,96.918527,0
334.5,28.507305,11.760089,93.611372,11.751754,0.08932,103.996222,96.899357,0
335,28.507305,11.760089,93.611372,11.734401,0.089366,103.996222,96.899357,0
335.5,28.519418,11.740417,93.277855,11.734401,0.089474,103.970245,96.879104,0
336,28.515183,11.72086,93.063664,11.717047,0.089512,103.955829,96.845249,0
336.5,28.515183,11.72086,93.063664,11.705478,0.089465,103.955829,96.845249,0
337,28.529216,11.700907,92.719606,11.699694,0.089478,103.926801,96.820364,0
337.5,28.529216,11.700907,92.719606,11.68234,0.089511,103.926801,96.820364,0
338,28.537291,11.681209,92.388873,11.676556,0.089639,103.915337,96.798878,0
338.5,28.537291,11.681209,92.388873,11.659202,0.089677,103.915337,96.798878,0
339,28.53286,11.661274,91.986644,11.647633,0.089673,103.867171,96.763397,0
339.5,28.545958,11.641028,91.642238,11.636064,0.089725,103.841685,96.749846,0
340,28.545958,11.641028,91.642238,11.63028,0.089718,103.841685,96.749846,0
340.5,28.546352,11.620684,91.233943,11.612926,0.089748,103.809114,96.733485,0
341,28.546352,11.620684,91.233943,11.601357,0.089775,103.809114,96.733485,0
341.5,28.553934,11.600467,90.870594,11.589788,0.08989,103.781956,96.68805,0
342,28.570676,11.579584,90.512117,11.572434,0.089926,103.767983,96.671788,0
342.5,28.570676,11.579584,90.512117,11.56665,0.089973,103.767983,96.671788,0
343,28.577372,11.559217,90.085327,11.555081,0.089915,103.726163,96.64365,0
343.5,28.577372,11.559217,90.085327,11.549296,0.089941,103.726163,96.64365,0
344,28.590273,11.538741,89.708355,11.526158,0.089976,103.702842,96.610436,0
344.5,28.595739,11.518583,89.278084,11.514589,0.090057,103.66299,96.586388,0
345,28.595739,11.518583,89.278084,11.50302,0.090155,103.66299,96.586388,0
345.5,28.598398,11.498045,88.911006,11.497236,0.090187,103.636373,96.563178,0
346,28.598398,11.498045,88.911006,11.479882,0.090097,103.636373,96.563178,0
346.5,28.614056,11.477126,88.527172,11.462529,0.090121,103.621564,96.527993,0
347,28.614056,11.477126,88.527172,11.456744,0.09015,103.621564,96.527993,0
347.5,28.619817,11.456981,88.098045,11.445175,0.090175,103.5732,96.507936,0
348,28.634933,11.436263,87.70382,11.433606,0.090172,103.556423,96.466,0
348.5,28.634933,11.436263,87.70382,11.416253,0.090291,103.556423,96.466,0
349,28.643452,11.415777,87.52841,11.404684,0.090323,103.535907,96.451561,0
349.5,28.643452,11.415777,87.52841,11.404684,0.090276,103.535907,96.451561,0
350,28.650788,11.395728,87.083969,11.404684,0.090327,103.50309,96.423078,0
350.5,28.668219,11.375209,86.675127,11.364192,0.090355,103.465255,96.400558,0
351,28.668219,11.375209,86.675127,11.364192,0.090384,103.465255,96.400558,0
351.5,28.663541,11.355143,86.25649,11.364192,0.090511,103.44838,96.369611,0
352,28.663541,11.355143,86.25649,11.335269,0.09053,103.44838,96.369611,0
352.5,28.683336,11.335016,85.863559,11.329485,0.090506,103.423288,96.35803,0
353,28.697763,11.315173,85.492006,11.312131,0.090534,103.39667,96.325704,0
353.5,28.697763,11.315173,85.492006,11.306347,0.090502,103.39667,96.325704,0
354,28.700028,11.294648,85.051244,11.288993,0.090528,103.359377,96.306682,0
354.5,28.700028,11.294648,85.051244,11.277424,0.090665,103.359377,96.306682,0
355,28.722432,11.274668,84.65871,11.265855,0.090695,103.338319,96.266569,0
355.5,28.722432,11.274668,84.65871,11.254286,0.090713,103.338319,96.266569,0
356,28.72386,11.254842,84.221428,11.236933,0.090744,103.308356,96.236558,0
356.5,28.743112,11.235571,83.846793,11.231148,0.090705,103.287446,96.210342,0
357,28.743112,11.235571,83.846793,11.219579,0.090743,103.287446,96.210342,0
357.5,28.758672,11.215673,83.465197,11.20801,0.090842,103.254581,96.179149,0
358,28.758672,11.215673,83.465197,11.196441,0.090854,103.254581,96.179149,0
358.5,28.768766,11.196474,83.016182,11.184872,0.090872,103.223142,96.162591,0
359,28.790333,11.177374,82.64811,11.173303,0.09088,103.197853,96.126962,0
359.5,28.790333,11.177374,82.64811,11.167519,0.090811,103.197853,96.126962,0
360,28.797571,11.157761,82.348849,11.161734,0.090853,103.155246,96.104935,0
360.5,28.797571,11.157761,82.348849,11.14438,0.090993,103.155246,96.104935,0
361,28.822043,11.138759,81.836491,11.14438,0.09105,103.127694,96.074776,0
361.5,28.842526,11.11956,81.4453,11.115458,0.091079,103.101962,96.04718,0
362,28.842526,11.11956,81.4453,11.103889,0.091111,103.101962,96.04718,0
362.5,28.850749,11.100437,81.199487,11.098104,0.091146,103.080658,96.010862,0
363,28.850749,11.100437,81.199487,11.080751,0.09115,103.080658,96.010862,0
363.5,28.880195,11.082141,80.832907,11.074966,0.09104,103.045972,96.007708,0
364,28.880195,11.082141,80.832907,11.063397,0.091047,103.045972,96.007708,0
364.5,28.895804,11.063852,80.448079,11.051828,0.091154,103.03446,95.97548,0
365,28.925298,11.045411,80.010599,11.051828,0.091192,103.006908,95.935071,0
365.5,28.925298,11.045411,80.010599,11.040259,0.091252,103.006908,95.935071,0
366,28.956614,11.026721,79.648393,11.02869,0.091256,102.965186,95.915705,0
366.5,28.956614,11.026721,79.648393,11.017121,0.091162,102.965186,95.915705,0
367,28.960455,11.008658,79.211858,11.005552,0.091157,102.937289,95.883427,0
367.5,28.996006,10.991235,78.865214,10.993983,0.09123,102.914657,95.856077,0
368,28.996006,10.991235,78.865214,10.97663,0.091313,102.914657,95.856077,0
368.5,29.00802,10.972693,78.489336,10.97663,0.091345,102.885088,95.836612,0
369,29.00802,10.972693,78.489336,10.959276,0.091274,102.885088,95.836612,0
369.5,29.038795,10.954847,78.067567,10.953492,0.091272,102.849664,95.798175,0
370,29.067354,10.936731,77.710483,10.941922,0.09133,102.824818,95.775359,0
370.5,29.067354,10.936731,77.710483,10.930353,0.091356,102.824818,95.775359,0
371,29.086311,10.91945,77.290205,10.918784,0.091413,102.792494,95.751064,0
371.5,29.086311,10.91945,77.290205,10.901431,0.091432,102.792494,95.751064,0
372,29.126195,10.901745,76.944755,10.901431,0.09144,102.762088,95.718737,0
372.5,29.126195,10.901745,76.944755,10.884077,0.091391,102.762088,95.718737,0
373,29.155443,10.884463,76.602289,10.866724,0.09139,102.730206,95.696069,0
373.5,29.191732,10.867149,76.24421,10.860939,0.091473,102.707378,95.665911,0
374,29.191732,10.867149,76.24421,10.860939,0.091527,102.707378,95.665911,0
374.5,29.226938,10.849529,75.855305,10.84937,0.091539,102.673331,95.649254,0
375,29.226938,10.849529,75.855305,10.832017,0.091488,102.673331,95.649254,0
375.5,29.255103,10.832779,75.674377,10.826232,0.091499,102.648879,95.615351,0
376,29.297597,10.815744,75.288256,10.814663,0.091518,102.61375,95.589627,0
376.5,29.297597,10.815744,75.288256,10.808879,0.091549,102.61375,95.589627,0
377,29.338416,10.798262,74.962247,10.808879,0.091626,102.580146,95.559863,0
377.5,29.338416,10.798262,74.962247,10.785741,0.091643,102.580146,95.559863,0
378,29.363726,10.780944,74.556935,10.779956,0.091599,102.577342,95.545473,0
378.5,29.413704,10.764359,74.241565,10.768387,0.091591,102.539359,95.516842,0
379,29.413704,10.764359,74.241565,10.751034,0.091616,102.539359,95.516842,0
379.5,29.45408,10.746979,73.902032,10.751034,0.091686,102.520762,95.485452,0
380,29.45408,10.746979,73.902032,10.73368,0.091695,102.520762,95.485452,0
380.5,29.484362,10.730498,73.522574,10.727896,0.091699,102.485977,95.463671,0
381,29.484362,10.730498,73.522574,10.722111,0.091682,102.485977,95.463671,0
381.5,29.531977,10.714641,73.213568,10.698973,0.09169,102.458524,95.435877,0
382,29.564376,10.69778,72.835254,10.693188,0.09168,102.427823,95.399707,0
382.5,29.564376,10.69778,72.835254,10.681619,0.09171,102.427823,95.399707,0
383,29.618195,10.680561,72.525303,10.681619,0.091776,102.398106,95.377482,0
383.5,29.618195,10.680561,72.525303,10.664266,0.091781,102.398106,95.377482,0
384,29.654829,10.664087,72.211972,10.664266,0.091759,102.374441,95.348112,0
384.5,29.709878,10.647225,71.849419,10.646912,0.091718,102.336262,95.320368,0
385,29.709878,10.647225,71.849419,10.635343,0.09172,102.336262,95.320368,0
385.5,29.764633,10.631352,71.553837,10.629559,0.091768,102.311711,95.295975,0
386,29.764633,10.631352,71.553837,10.623774,0.091774,102.311711,95.295975,0
386.5,29.806437,10.614822,71.381261,10.612205,0.09178,102.291637,95.251772,0
387,29.862274,10.598431,70.916982,10.600636,0.091757,102.251539,95.241769,0
387.5,29.862274,10.598431,70.916982,10.589067,0.091735,102.251539,95.241769,0
388,29.908707,10.580942,70.599872,10.577498,0.091736,102.216902,95.221663,0
388.5,29.908707,10.580942,70.599872,10.565929,0.091694,102.216902,95.221663,0
389,29.97129,10.564668,70.398807,10.560145,0.091753,102.197567,95.179579,0
389.5,29.97129,10.564668,70.398807,10.542791,0.091744,102.197567,95.179579,0
390,30.020973,10.548345,70.119037,10.542791,0.091714,102.162635,95.169723,0
390.5,30.071,10.531806,69.828527,10.525438,0.091676,102.154418,95.129906,0
391,30.071,10.531806,69.828527,10.519653,0.091643,102.154418,95.129906,0
391.5,30.133091,10.515618,69.488098,10.508084,0.091648,102.115698,95.100585,0
392,30.133091,10.515618,69.488098,10.508084,0.091585,102.115698,95.100585,0
392.5,30.187205,10.49961,69.212156,10.49073,0.091653,102.072795,95.075551,0
393,30.214582,10.483608,68.886494,10.484946,0.091611,102.059511,95.042781,0
393.5,30.214582,10.483608,68.886494,10.484946,0.091606,102.059511,95.042781,0
394,30.285536,10.467824,68.615474,10.467592,0.091583,102.020938,95.020162,0
394.5,30.285536,10.467824,68.615474,10.456023,0.091514,102.020938,95.020162,0
395,30.334431,10.451412,68.341869,10.444454,0.091566,102.005736,94.998726,0
395.5,30.404055,10.435641,68.023019,10.432885,0.091554,101.965736,94.967779,0
396,30.404055,10.435641,68.023019,10.432885,0.091549,101.965736,94.967779,0
396.5,30.456594,10.419919,67.750855,10.421316,0.091485,101.935871,94.938359,0
397,30.456594,10.419919,67.750855,10.415532,0.091474,101.935871,94.938359,0
397.5,30.513318,10.403924,67.432403,10.403963,0.091519,101.9126,94.913917,0
398,30.513318,10.403924,67.432403,10.392394,0.091506,101.9126,94.913917,0
398.5,30.5857,10.38768,67.173713,10.380825,0.091516,101.879341,94.883956,0
399,30.630655,10.372516,66.918951,10.380825,0.091502,101.860005,94.860647,0
399.5,30.630655,10.372516,66.918951,10.369256,0.091436,101.860005,94.860647,0
400,30.703628,10.356971,66.715102,10.369256,0.091451,101.819464,94.842118,0
400.5,30.703628,10.356971,66.715102,10.334549,0.091505,101.819464,94.842118,0
401,30.754148,10.341072,66.380143,10.328764,0.09149,101.798161,94.824378,0
401.5,30.802156,10.3255,66.24769,10.328764,0.091479,101.774495,94.795648,0
402,30.802156,10.3255,66.24769,10.317195,0.091485,101.774495,94.795648,0
402.5,30.885321,10.310001,65.958125,10.305626,0.091404,101.734938,94.770072,0
403,30.885321,10.310001,65.958125,10.294057,0.091398,101.734938,94.770072,0
403.5,30.929489,10.294778,65.713357,10.294057,0.091429,101.70655,94.734148,0
404,31.008568,10.279033,65.421604,10.276704,0.09142,101.69179,94.714831,0
404.5,31.008568,10.279033,65.421604,10.265134,0.091426,101.69179,94.714831,0
405,31.067458,10.26338,65.197568,10.265134,0.091411,101.65735,94.688171,0
405.5,31.067458,10.26338,65.197568,10.247781,0.091342,101.65735,94.688171,0
406,31.119405,10.247582,64.967517,10.241996,0.091385,101.643722,94.64791,0
406.5,31.119405,10.247582,64.967517,10.230427,0.091382,101.643722,94.64791,0
407,31.164706,10.232198,64.682526,10.218858,0.091387,101.600475,94.636527,0
407.5,31.217983,10.216492,64.463015,10.218858,0.09139,101.579122,94.601145,0
408,31.217983,10.216492,64.463015,10.207289,0.091362,101.579122,94.601145,0
408.5,31.284702,10.201289,64.190951,10.189936,0.091277,101.539221,94.574682,0
409,31.284702,10.201289,64.190951,10.178367,0.091309,101.539221,94.574682,0
409.5,31.357921,10.185921,63.969153,10.178367,0.09132,101.511718,94.551965,0
410,31.403221,10.17039,63.75531,10.166798,0.091303,101.489922,94.51747,0
410.5,31.403221,10.17039,63.75531,10.155229,0.091273,101.489922,94.51747,0
411,31.491508,10.15492,63.500051,10.155229,0.091211,101.454744,94.490366,0
411.5,31.491508,10.15492,63.500051,10.137875,0.091268,101.454744,94.490366,0
412,31.537793,10.139484,63.288992,10.132091,0.091244,101.419025,94.48741,0
412.5,31.600327,10.124592,63.17956,10.126306,0.091206,101.389505,94.438574,0
413,31.600327,10.124592,63.17956,10.114737,0.091179,101.389505,94.438574,0
413.5,31.668917,10.110111,62.882785,10.108953,0.091133,101.360132,94.415512,0
414,31.668917,10.110111,62.882785,10.097384,0.091133,101.360132,94.415512,0
414.5,31.733076,10.09542,62.614798,10.097384,0.091161,101.344684,94.394421,0
415,31.733076,10.09542,62.614798,10.091599,0.091133,101.344684,94.394421,0
415.5,31.809299,10.080039,62.471905,10.074246,0.091114,101.305816,94.369831,0
416,31.857701,10.065157,62.263432,10.062677,0.091123,101.283676,94.350908,0
416.5,31.857701,10.065157,62.263432,10.051107,0.091065,101.283676,94.350908,0
417,31.92831,10.050174,62.074796,10.039538,0.091038,101.271917,94.322769,0
417.5,31.92831,10.050174,62.074796,10.027969,0.091004,101.271917,94.322769,0
418,32.000692,10.03544,61.825703,10.027969,0.09099,101.220699,94.278665,0
418.5,32.059435,10.020679,61.638708,10.0164,0.090989,101.198067,94.258953,0
419,32.059435,10.020679,61.638708,10.004831,0.09101,101.198067,94.258953,0
419.5,32.105424,10.00567,61.405226,10.004831,0.090978,101.173418,94.237221,0
420,32.105424,10.00567,61.405226,9.993262,0.090946,101.173418,94.237221,0
420.5,32.158455,9.991169,61.217436,9.993262,0.090952,101.148228,94.204205,0
421,32.253832,9.976645,61.018609,9.975909,0.090949,101.121414,94.168724,0
421.5,32.253832,9.976645,61.018609,9.970124,0.090886,101.121414,94.168724,0
422,32.302283,9.962347,60.801783,9.970124,0.090829,101.095977,94.149653,0
422.5,32.302283,9.962347,60.801783,9.946986,0.090838,101.095977,94.149653,0
423,32.364424,9.948142,60.613943,9.941202,0.090853,101.06877,94.136841,0
423.5,32.364424,9.948142,60.613943,9.929633,0.090847,101.06877,94.136841,0
424,32.43715,9.933779,60.400995,9.923848,0.090795,101.031574,94.102395,0
424.5,32.496237,9.919619,60.213354,9.923848,0.090753,101.019422,94.071694,0
425,32.496237,9.919619,60.213354,9.912279,0.090713,101.019422,94.071694,0
425.5,32.557442,9.905302,60.034414,9.906495,0.090666,100.984146,94.055826,0
426,32.557442,9.905302,60.034414,9.889141,0.090649,100.984146,94.055826,0
426.5,32.636028,9.890844,59.90231,9.889141,0.090622,100.945573,94.043655,0
427,32.693638,9.87702,59.652222,9.883357,0.090664,100.938685,94.006794,0
427.5,32.693638,9.87702,59.652222,9.866003,0.090642,100.938685,94.006794,0
428,32.76213,9.863021,59.561236,9.866003,0.090614,100.892929,93.982352,0
428.5,32.76213,9.863021,59.561236,9.854434,0.090564,100.892929,93.982352,0
429,32.822547,9.84896,59.341228,9.84865,0.090505,100.87684,93.958057,0
429.5,32.897292,9.834705,59.184015,9.84865,0.090474,100.84978,93.928687,0
430,32.897292,9.834705,59.184015,9.825511,0.09049,100.84978,93.928687,0
430.5,32.968542,9.820759,58.96515,9.825511,0.090449,100.817259,93.902422,0
431,32.968542,9.820759,58.96515,9.819727,0.090438,100.817259,93.902422,0
431.5,33.022163,9.806652,58.793768,9.808158,0.090386,100.781441,93.88133,0
432,33.022163,9.806652,58.793768,9.808158,0.090322,100.781441,93.88133,0
432.5,33.088981,9.794243,58.640732,9.78502,0.090335,100.763877,93.842893,0
433,33.111878,9.78092,58.437678,9.78502,0.090334,100.741048,93.830228,0
433.5,33.111878,9.78092,58.437678,9.773451,0.090282,100.741048,93.830228,0
434,33.204103,9.767017,58.275344,9.761882,0.090266,100.716497,93.793319,0
434.5,33.204103,9.767017,58.275344,9.756097,0.09018,100.716497,93.793319,0
435,33.246055,9.754029,58.09362,9.750313,0.09017,100.669659,93.770355,0
435.5,33.303222,9.740149,57.925768,9.738744,0.090158,100.650323,93.744336,0
436,33.303222,9.740149,57.925768,9.738744,0.090102,100.650323,93.744336,0
436.5,33.378411,9.727667,57.762688,9.727175,0.090145,100.618983,93.726644,0
437,33.378411,9.727667,57.762688,9.72139,0.090083,100.618983,93.726644,0
437.5,33.441191,9.713961,57.584544,9.709821,0.090013,100.589069,93.689883,0
438,33.492843,9.701045,57.428226,9.709821,0.089977,100.56688,93.676331,0
438.5,33.492843,9.701045,57.428226,9.692468,0.089878,100.56688,93.676331,0
439,33.563354,9.687651,57.346538,9.686683,0.089923,100.529931,93.636021,0
439.5,33.563354,9.687651,57.346538,9.680899,0.089951,100.529931,93.636021,0
440,33.613085,9.67403,57.150942,9.66933,0.089937,100.504593,93.621089,0
440.5,33.677835,9.66098,56.938392,9.657761,0.089791,100.467151,93.604384,0
441,33.677835,9.66098,56.938392,9.657761,0.089668,100.467151,93.604384,0
441.5,33.742339,9.647546,56.830351,9.646192,0.08971,100.448947,93.573733,0
442,33.742339,9.647546,56.830351,9.646192,0.089723,100.448947,93.573733,0
442.5,33.796108,9.634729,56.6712,9.634623,0.089776,100.419427,93.5418,0
443,33.796108,9.634729,56.6712,9.628838,0.089739,100.419427,93.5418,0
443.5,33.85234,9.622083,56.538946,9.623054,0.089655,100.397533,93.515682,0
444,33.902072,9.608479,56.345041,9.611485,0.089532,100.368505,93.491683,0
444.5,33.902072,9.608479,56.345041,9.599915,0.089398,100.368505,93.491683,0
445,33.964162,9.596177,56.215025,9.588346,0.089439,100.335098,93.468079,0
445.5,33.964162,9.596177,56.215025,9.582562,0.089447,100.335098,93.468079,0
446,33.996611,9.58272,56.057166,9.582562,0.089475,100.312762,93.439842,0
446.5,34.057422,9.570967,55.903036,9.576777,0.089436,100.281224,93.412542,0
447,34.057422,9.570967,55.903036,9.565208,0.089232,100.281224,93.412542,0
447.5,34.127293,9.557668,55.762629,9.553639,0.08924,100.254509,93.400518,0
448,34.127293,9.557668,55.762629,9.553639,0.08916,100.254509,93.400518,0
448.5,34.156098,9.544953,55.592091,9.553639,0.089115,100.238519,93.357596,0
449,34.156098,9.544953,55.592091,9.536286,0.089091,100.238519,93.357596,0
449.5,34.210556,9.532031,55.460534,9.524717,0.088986,100.201963,93.360159,0
450,34.251425,9.519641,55.300637,9.518932,0.088939,100.175543,93.324185,0
450.5,34.251425,9.519641,55.300637,9.513148,0.088864,100.175543,93.324185,0
451,34.305342,9.506861,55.152921,9.501579,0.088886,100.149171,93.299151,0
451.5,34.305342,9.506861,55.152921,9.501579,0.088816,100.149171,93.299151,0
452,34.365365,9.494694,55.024993,9.501579,0.088748,100.110697,93.276582,0
452.5,34.411453,9.481989,54.945541,9.484225,0.088705,100.097413,93.252928,0
453,34.411453,9.481989,54.945541,9.472656,0.08859,100.097413,93.252928,0
453.5,34.447989,9.46955,54.774208,9.466872,0.088548,100.057118,93.218531,0
454,34.447989,9.46955,54.774208,9.461087,0.088506,100.057118,93.218531,0
454.5,34.495357,9.457078,54.674074,9.449518,0.088553,100.03119,93.192167,0
455,34.545581,9.444606,54.514723,9.449518,0.088483,99.996405,93.163536,0
455.5,34.545581,9.444606,54.514723,9.449518,0.088396,99.996405,93.163536,0
456,34.586253,9.432931,54.388635,9.432165,0.08833,99.980956,93.137172,0
456.5,34.586253,9.432931,54.388635,9.42638,0.088284,99.980956,93.137172,0
457,34.624758,9.420791,54.243803,9.42638,0.088166,99.950305,93.121452,0
457.5,34.624758,9.420791,54.243803,9.420596,0.088248,99.950305,93.121452,0
458,34.669074,9.40825,54.099766,9.403242,0.0882,99.914044,93.090998,0
458.5,34.70556,9.39673,53.974871,9.391673,0.088109,99.9106,93.071237,0
459,34.70556,9.39673,53.974871,9.385888,0.088059,99.9106,93.071237,0
459.5,34.738206,9.385,53.834414,9.385888,0.087933,99.883343,93.04852,0
460,34.738206,9.385,53.834414,9.368535,0.087853,99.883343,93.04852,0
460.5,34.788184,9.373142,53.707331,9.368535,0.087911,99.846394,93.0328,0
461,34.797047,9.361323,53.561703,9.36275,0.087698,99.83311,92.984507,0
461.5,34.797047,9.361323,53.561703,9.356966,0.087634,99.83311,92.984507,0
462,34.837768,9.349567,53.447846,9.345397,0.087586,99.792323,92.968393,0
462.5,34.837768,9.349567,53.447846,9.339612,0.087649,99.792323,92.968393,0
463,34.877504,9.338142,53.330061,9.333828,0.087494,99.769101,92.944591,0
463.5,34.906752,9.326957,53.200293,9.328043,0.087452,99.730085,92.926111,0
464,34.906752,9.326957,53.200293,9.322259,0.087419,99.730085,92.926111,0
464.5,34.947178,9.315309,53.067095,9.31069,0.08737,99.699286,92.905069,0
465,34.947178,9.315309,53.067095,9.31069,0.087435,99.699286,92.905069,0
465.5,34.975096,9.303559,53.016531,9.304905,0.087247,99.688511,92.869687,0
466,34.975096,9.303559,53.016531,9.293336,0.087178,99.688511,92.869687,0
466.5,34.999027,9.292804,52.868814,9.287552,0.087215,99.648118,92.846231,0
467,35.037434,9.281596,52.729352,9.281767,0.087031,99.62219,92.824548,0
467.5,35.037434,9.281596,52.729352,9.281767,0.086944,99.62219,92.824548,0
468,35.075299,9.269987,52.629963,9.270198,0.086869,99.597147,92.802028,0
468.5,35.075299,9.269987,52.629963,9.258629,0.086836,99.597147,92.802028,0
469,35.093271,9.259295,52.509294,9.258629,0.086863,99.574613,92.786209,0
469.5,35.121633,9.247801,52.397276,9.252845,0.086802,99.54096,92.755706,0
470,35.121633,9.247801,52.397276,9.241276,0.086628,99.54096,92.755706,0
470.5,35.147828,9.236941,52.277403,9.241276,0.086563,99.502683,92.728996,0
471,35.147828,9.236941,52.277403,9.223922,0.086539,99.502683,92.728996,0
471.5,35.178652,9.225703,52.147138,9.223922,0.08654,99.483741,92.694797,0
472,35.18072,9.214919,52.027066,9.212353,0.086385,99.463421,92.682182,0
472.5,35.18072,9.214919,52.027066,9.206569,0.086336,99.463421,92.682182,0
473,35.221786,9.204243,51.92186,9.206569,0.086285,99.42844,92.65705,0
473.5,35.221786,9.204243,51.92186,9.195,0.086314,99.42844,92.65705,0
474,35.239906,9.193215,51.806909,9.189215,0.08628,99.415648,92.64202,0
474.5,35.239906,9.193215,51.806909,9.189215,0.086246,99.415648,92.64202,0
475,35.255318,9.182296,51.689522,9.177646,0.086185,99.375254,92.61536,0
475.5,35.285797,9.171948,51.573029,9.177646,0.086066,99.353114,92.589291,0
476,35.285797,9.171948,51.573029,9.166077,0.08602,99.353114,92.589291,0
476.5,35.282695,9.160956,51.477767,9.166077,0.086045,99.330187,92.558886,0
477,35.282695,9.160956,51.477767,9.166077,0.086001,99.330187,92.558886,0
477.5,35.311598,9.150241,51.345961,9.142939,0.085937,99.299388,92.528925,0
478,35.325533,9.139939,51.263874,9.142939,0.085848,99.276904,92.507341,0
478.5,35.325533,9.139939,51.263874,9.142939,0.085814,99.276904,92.507341,0
479,35.347592,9.129194,51.184622,9.13137,0.085759,99.246695,92.481075,0
479.5,35.347592,9.129194,51.184622,9.119801,0.085798,99.246695,92.481075,0.118352
480,35.368667,9.118494,51.090702,9.119801,0.085741,99.218257,92.455549,0.428188
480.5,35.375757,9.111154,50.983855,9.125585,0.085656,99.191295,92.432634,0.659738
481,35.375757,9.111154,50.983855,9.125585,0.085453,99.191295,92.432634,0.773657
481.5,35.387821,9.133941,50.87666,9.200784,0.085302,99.15779,92.417259,0.848699
482,35.387821,9.133941,50.87666,9.223922,0.08518,99.15779,92.417259,0.887601
482.5,35.404661,9.217887,50.758925,9.31069,0.08495,99.138356,92.384785,0.912472
483,35.404661,9.217887,50.758925,9.36275,0.084673,99.138356,92.384785,0.926331
483.5,35.402593,9.316087,50.652028,9.385888,0.084484,99.105392,92.364531,0.942022
484,35.418842,9.39978,50.553236,9.437949,0.084282,99.076955,92.327966,0.957574
484.5,35.418842,9.39978,50.553236,9.495794,0.084164,99.076955,92.327966,0.970146
485,35.419236,9.465219,50.450665,9.507363,0.083944,99.070263,92.299434,0.981328
485.5,35.419236,9.465219,50.450665,9.54207,0.08383,99.070263,92.299434,0.994906
486,35.432629,9.518026,50.347746,9.565208,0.083744,99.028443,92.244488,1.008829
486.5,35.458824,9.56083,50.242938,9.594131,0.083737,99.019587,92.213147,1.022066
487,35.458824,9.56083,50.242938,9.599915,0.083652,99.019587,92.213147,1.0348
487.5,35.451094,9.596775,50.137831,9.623054,0.083544,98.994643,92.116955,1.048776
488,35.451094,9.596775,50.137831,9.640407,0.083346,98.994643,92.116955,1.057091
488.5,35.457396,9.623265,50.052164,9.651976,0.083253,98.988985,92.04008,1.071091
489,35.4507,9.644424,49.957002,9.663545,0.083202,98.983622,91.905401,1.081341
489.5,35.4507,9.644424,49.957002,9.66933,0.083139,98.983622,91.905401,1.092015
490,35.458824,9.659772,49.855524,9.680899,0.083163,98.96404,91.76816,1.102024
490.5,35.458824,9.659772,49.855524,9.680899,0.083112,98.96404,91.76816,1.110834
491,35.460203,9.671292,49.758423,9.692468,0.082947,98.972552,91.625104,1.117003
491.5,35.460203,9.671292,49.758423,9.692468,0.08288,98.972552,91.625104,1.125041
492,35.447351,9.681633,49.719194,9.698252,0.08286,98.96591,91.433459,1.132061
492.5,35.447499,9.689713,49.63303,9.704037,0.082788,98.972355,91.259554,1.137889
493,35.447499,9.689713,49.63303,9.704037,0.082797,98.972355,91.259554,1.14274
493.5,35.438981,9.697286,49.533194,9.715606,0.082628,98.987509,91.035089,1.147291
494,35.438981,9.697286,49.533194,9.709821,0.082593,98.987509,91.035089,1.151119
494.5,35.419433,9.704177,49.457322,9.715606,0.082564,99.00035,90.831864,1.155221
495,35.414903,9.710474,49.397013,9.715606,0.082591,99.03233,90.636424,1.159625
495.5,35.414903,9.710474,49.397013,9.72139,0.082572,99.03233,90.636424,1.163835
496,35.382355,9.716275,49.329494,9.72139,0.082639,99.06003,90.384166,1.166518
496.5,35.382355,9.716275,49.329494,9.727175,0.082643,99.06003,90.384166,1.169112
497,35.386048,9.721216,49.262472,9.727175,0.082514,99.09875,90.168523,1.169528
497.5,35.359311,9.724561,49.198384,9.727175,0.082597,99.139881,90.075484,1.173982
498,35.359311,9.724561,49.198384,9.738744,0.082613,99.139881,90.075484,1.179249
498.5,35.344392,9.727319,49.141654,9.732959,0.082635,99.161431,89.808985,1.179801
499,35.344392,9.727319,49.141654,9.732959,0.08276,99.161431,89.808985,1.182042
499.5,35.324598,9.728104,49.118336,9.738744,0.082799,99.241529,89.537311,1.183606
500,35.324598,9.728104,49.118336,9.732959,0.082825,99.241529,89.537311,1.187195
500.5,35.297073,9.728678,49.068418,9.732959,0.082725,99.264604,89.367546,1.189034
501,35.272158,9.729003,49.052905,9.732959,0.08279,99.328219,89.16777,1.190885
501.5,35.272158,9.729003,49.052905,9.732959,0.082957,99.328219,89.16777,1.192366
502,35.260537,9.728104,49.043856,9.732959,0.083018,99.385537,88.975435,1.192824
502.5,35.260537,9.728104,49.043856,9.732959,0.083145,99.385537,88.975435,1.194543
503,35.211692,9.726948,49.030929,9.732959,0.083236,99.456336,88.767183,1.196066
503.5,35.203173,9.725215,49.055192,9.732959,0.08315,99.517935,88.592934,1.197418
504,35.203173,9.725215,49.055192,9.732959,0.083219,99.517935,88.592934,1.198942
504.5,35.177569,9.72294,49.055988,9.727175,0.08339,99.59021,88.412278,1.198979
505,35.177569,9.72294,49.055988,9.727175,0.083432,99.59021,88.412278,1.200311
505.5,35.15743,9.720326,49.09099,9.727175,0.0835,99.66273,88.268384,1.202509
506,35.121091,9.717854,49.117739,9.727175,0.083551,99.727527,88.123701,1.202181
506.5,35.121091,9.717854,49.117739,9.72139,0.083482,99.727527,88.123701,1.20255
507,35.095487,9.713938,49.165072,9.72139,0.083573,99.808707,87.996858,1.203828
507.5,35.095487,9.713938,49.165072,9.72139,0.083657,99.808707,87.996858,1.203794
508,35.069981,9.709617,49.233038,9.715606,0.08384,99.881523,87.877801,1.203597
508.5,35.069981,9.709617,49.233038,9.715606,0.083929,99.881523,87.877801,1.203978
509,35.04546,9.705684,49.29658,9.709821,0.084012,99.9506,87.809648,1.204718
509.5,35.003803,9.701653,49.375186,9.709821,0.084051,100.031534,87.696307,1.205503
510,35.003803,9.701653,49.375186,9.709821,0.083975,100.031534,87.696307,1.206122
510.5,34.980365,9.697677,49.473382,9.704037,0.084013,100.10312,87.613913,1.205252
511,34.980365,9.697677,49.473382,9.698252,0.084128,100.10312,87.613913,1.205909
511.5,34.959783,9.693767,49.546966,9.698252,0.084132,100.126195,87.569956,1.206642
512,34.934228,9.690438,49.672557,9.698252,0.084121,100.231926,87.531765,1.20611
512.5,34.934228,9.690438,49.672557,9.698252,0.08414,100.231926,87.531765,1.206062
513,34.898874,9.687457,49.713924,9.698252,0.084076,100.292098,87.497172,1.206608
513.5,34.898874,9.687457,49.713924,9.692468,0.084074,100.292098,87.497172,1.20471
514,34.888583,9.685852,49.92538,9.692468,0.084189,100.345824,87.46036,1.204477
514.5,34.874944,9.683866,50.069168,9.692468,0.084148,100.415737,87.455679,1.204632
515,34.874944,9.683866,50.069168,9.692468,0.084083,100.415737,87.455679,1.205203
515.5,34.835552,9.682126,50.19993,9.686683,0.084081,100.454064,87.440747,1.20535
516,34.835552,9.682126,50.19993,9.692468,0.084058,100.454064,87.440747,1.206252
516.5,34.819746,9.68225,50.359678,9.692468,0.084138,100.523928,87.430547,1.206711
517,34.819746,9.68225,50.359678,9.692468,0.084148,100.523928,87.430547,1.205438
517.5,34.798229,9.682684,50.527581,9.692468,0.084127,100.583608,87.458192,1.205059
518,34.769571,9.684594,50.603154,9.692468,0.084102,100.647125,87.474109,1.205374
518.5,34.769571,9.684594,50.603154,9.692468,0.08412,100.647125,87.474109,1.205334
519,34.746823,9.687319,50.810384,9.698252,0.084201,100.700261,87.510033,1.206203
519.5,34.746823,9.687319,50.810384,9.698252,0.084208,100.700261,87.510033,1.206314
520,34.724813,9.689526,50.969486,9.698252,0.084208,100.747395,87.553202,1.206003
520.5,34.703393,9.692605,51.190687,9.704037,0.084115,100.805943,87.596567,1.205911
521,34.703393,9.692605,51.190687,9.704037,0.084075,100.805943,87.596567,1.206111
521.5,34.671043,9.69768,51.378627,9.715606,0.084147,100.855635,87.645796,1.206589
522,34.671043,9.69768,51.378627,9.709821,0.084143,100.855635,87.645796,1.206431
522.5,34.653022,9.70291,51.568505,9.715606,0.084057,100.895782,87.682263,1.207946
523,34.63761,9.70923,51.81019,9.715606,0.084056,100.949214,87.74938,1.206092
523.5,34.63761,9.70923,51.81019,9.72139,0.084054,100.949214,87.74938,1.205511
524,34.599498,9.715963,52.014984,9.727175,0.084039,100.970714,87.801714,1.204626
524.5,34.599498,9.715963,52.014984,9.727175,0.08409,100.970714,87.801714,1.205475
525,34.58517,9.724151,52.268304,9.732959,0.084065,101.013075,87.883418,1.202223
525.5,34.58517,9.724151,52.268304,9.738744,0.083964,101.013075,87.883418,1.201531
526,34.554887,9.732214,52.491047,9.744528,0.08393,101.048745,87.946249,1.202002
526.5,34.534207,9.7403,52.705387,9.744528,0.083892,101.06321,88.035295,1.203049
527,34.534207,9.7403,52.705387,9.761882,0.083885,101.06321,88.035295,1.204004
527.5,34.538343,9.749259,52.975164,9.761882,0.083933,101.101635,88.094972,1.203798
528,34.508258,9.75856,53.212822,9.767666,0.083854,101.106801,88.167757,1.202891
528.5,34.508258,9.75856,53.212822,9.773451,0.083943,101.106801,88.167757,1.201562
529,34.492698,9.768481,53.357009,9.779235,0.083872,101.148671,88.264836,1.199975
529.5,34.492698,9.768481,53.357009,9.78502,0.083886,101.148671,88.264836,1.202344
530,34.466897,9.778527,53.734527,9.790804,0.083934,101.162102,88.333185,1.201361
530.5,34.466897,9.778527,53.734527,9.808158,0.083962,101.162102,88.333185,1.201346
531,34.44469,9.788885,53.978202,9.802373,0.083936,101.184931,88.441944,1.202029
531.5,34.428785,9.799338,54.144811,9.808158,0.083911,101.20835,88.518572,1.202148
532,34.428785,9.799338,54.144811,9.831296,0.083779,101.20835,88.518572,1.201687
532.5,34.409976,9.810021,54.404197,9.825511,0.083768,101.21268,88.586724,1.200767
533,34.409976,9.810021,54.404197,9.831296,0.083819,101.21268,88.586724,1.200558
533.5,34.396829,9.821747,54.665423,9.837081,0.083856,101.243381,88.687647,1.201646
534,34.396829,9.821747,54.665423,9.837081,0.083865,101.243381,88.687647,1.202368
534.5,34.384765,9.83398,54.964733,9.842865,0.083771,101.243922,88.778369,1.201948
535,34.354286,9.845818,55.230383,9.866003,0.083775,101.246579,88.808183,1.19927
535.5,34.354286,9.845818,55.230383,9.866003,0.083831,101.246579,88.808183,1.19734
536,34.345325,9.858326,55.542521,9.871788,0.083829,101.273885,88.911225,1.19791
536.5,34.345325,9.858326,55.542521,9.889141,0.083829,101.273885,88.911225,1.199548
537,34.324792,9.870736,55.818812,9.889141,0.083861,101.261978,88.986276,1.198423
537.5,34.318834,9.883661,56.074866,9.90071,0.083774,101.266603,89.076999,1.199136
538,34.318834,9.883661,56.074866,9.90071,0.083794,101.266603,89.076999,1.197844
538.5,34.292589,9.896629,56.393269,9.90071,0.083802,101.27723,89.150424,1.198635
539,34.292589,9.896629,56.393269,9.918064,0.083863,101.27723,89.150424,1.198576
539.5,34.272844,9.909931,56.677514,9.918064,0.083865,101.272556,89.228728,1.199603
540,34.273287,9.923526,56.994127,9.941202,0.083852,101.279149,89.314226,1.197478
540.5,34.273287,9.923526,56.994127,9.946986,0.083743,101.279149,89.314226,1.199106
541,34.256054,9.937246,57.280461,9.946986,0.083718,101.260601,89.392678,1.199293
541.5,34.256054,9.937246,57.280461,9.958555,0.083759,101.260601,89.392678,1.197461
542,34.235127,9.950913,57.555408,9.970124,0.083731,101.257157,89.47384,1.198088
542.5,34.235127,9.950913,57.555408,9.975909,0.083728,101.257157,89.47384,1.198859
543,34.229858,9.964639,57.810369,9.987478,0.083721,101.254893,89.554214,1.198957
543.5,34.217154,9.978358,58.170387,9.987478,0.083719,101.241609,89.631187,1.196305
544,34.217154,9.978358,58.170387,9.999047,0.08361,101.241609,89.631187,1.197069
544.5,34.211886,9.992311,58.30975,10.010616,0.083605,101.229555,89.685985,1.197535
545,34.211886,9.992311,58.30975,10.0164,0.083675,101.229555,89.685985,1.198189
545.5,34.192338,10.006034,58.644162,10.027969,0.083674,101.216862,89.762515,1.197539
546,34.173085,10.02019,58.932932,10.033754,0.083661,101.213713,89.792969,1.197072
546.5,34.173085,10.02019,58.932932,10.039538,0.083671,101.213713,89.792969,1.196176
547,34.180668,10.034763,59.264411,10.051107,0.083589,101.195952,89.864226,1.196853
547.5,34.180668,10.034763,59.264411,10.051107,0.083604,101.195952,89.864226,1.196323
548,34.154276,10.049517,59.55691,10.062677,0.08369,101.177305,89.967761,1.195793
548.5,34.153439,10.063581,59.852541,10.074246,0.083707,101.165989,89.992844,1.196112
549,34.153439,10.063581,59.852541,10.074246,0.083699,101.165989,89.992844,1.194885
549.5,34.142754,10.077987,60.187103,10.085815,0.083619,101.136715,90.059617,1.194386
550,34.142754,10.077987,60.187103,10.103168,0.083604,101.136715,90.059617,1.194433
550.5,34.125175,10.092314,60.488849,10.103168,0.083659,101.120922,90.126291,1.194397
551,34.125175,10.092314,60.488849,10.120522,0.083625,101.120922,90.126291,1.195376
551.5,34.115475,10.106188,60.818439,10.120522,0.083581,101.091549,90.184341,1.194917
552,34.096961,10.120777,61.095823,10.132091,0.083549,101.067048,90.236971,1.193409
552.5,34.096961,10.120777,61.095823,10.132091,0.083439,101.067048,90.236971,1.19301
553,34.104298,10.135288,61.395829,10.155229,0.083505,101.052091,90.300442,1.192346
553.5,34.104298,10.135288,61.395829,10.161013,0.083484,101.052091,90.300442,1.193749
554,34.097897,10.150147,61.734318,10.161013,0.083486,101.03123,90.352234,1.194264
554.5,34.07697,10.164365,62.025425,10.172582,0.083484,100.989213,90.400921,1.194156
555,34.07697,10.164365,62.025425,10.184151,0.083406,100.989213,90.400921,1.193118
555.5,34.079629,10.178863,62.162004,10.184151,0.08341,100.976372,90.453452,1.192891
556,34.079629,10.178863,62.162004,10.19572,0.083504,100.976372,90.453452,1.192571
556.5,34.0653,10.194286,62.597297,10.207289,0.083512,100.937209,90.484695,1.192219
557,34.067664,10.20863,62.924848,10.213074,0.083524,100.91192,90.527173,1.192255
557.5,34.067664,10.20863,62.924848,10.218858,0.083539,100.91192,90.527173,1.191484
558,34.062986,10.222671,63.103141,10.236212,0.083457,100.87994,90.578226,1.190879
558.5,34.062986,10.222671,63.103141,10.241996,0.083444,100.87994,90.578226,1.190889
559,34.046244,10.237723,63.392359,10.247781,0.083508,100.845451,90.617353,1.191275
559.5,34.046244,10.237723,63.392359,10.265134,0.08347,100.845451,90.617353,1.191524
560,34.049396,10.25232,63.678891,10.265134,0.083409,100.806041,90.640662,1.191967
560.5,34.039597,10.267004,64.003658,10.270919,0.083346,100.767813,90.674862,1.191924
561,34.039597,10.267004,64.003658,10.288273,0.08323,100.767813,90.674862,1.191383
561.5,34.036347,10.281229,64.290936,10.288273,0.083203,100.745968,90.702162,1.1905
562,34.036347,10.281229,64.290936,10.305626,0.083262,100.745968,90.702162,1.189015
562.5,34.033836,10.295855,64.612422,10.32298,0.083249,100.696178,90.741437,1.190007
563,34.021132,10.3099,64.884138,10.32298,0.083236,100.657113,90.767111,1.190782
563.5,34.021132,10.3099,64.884138,10.32298,0.083254,100.657113,90.767111,1.189552
564,34.020541,10.324644,65.168582,10.334549,0.083169,100.623214,90.796334,1.189042
564.5,34.020541,10.324644,65.168582,10.340333,0.083186,100.623214,90.796334,1.188853
565,34.015765,10.338416,65.480521,10.357687,0.083262,100.573571,90.837728,1.188994
565.5,34.006262,10.353261,65.779185,10.369256,0.083249,100.546511,90.854088,1.189106
566,34.006262,10.353261,65.779185,10.37504,0.083203,100.546511,90.854088,1.189272
566.5,34.008823,10.36706,66.083816,10.380825,0.083062,100.513203,90.877989,1.189462
567,34.008823,10.36706,66.083816,10.392394,0.083029,100.513203,90.877989,1.189972
567.5,34.001732,10.380743,66.345439,10.398178,0.083061,100.453228,90.901741,1.18944
568,34.001732,10.380743,66.345439,10.403963,0.083061,100.453228,90.901741,1.190104
568.5,34.00508,10.395707,66.631325,10.409747,0.083056,100.435467,90.924015,1.189069
569,33.99282,10.409407,66.823639,10.421316,0.08295,100.38543,90.946141,1.188335
569.5,33.99282,10.409407,66.823639,10.432885,0.082952,100.38543,90.946141,1.188361
570,33.991441,10.423701,67.192358,10.444454,0.083025,100.340264,90.961319,1.187962
570.5,33.991441,10.423701,67.192358,10.450239,0.083022,100.340264,90.961319,1.187528
571,33.994149,10.437007,67.337936,10.450239,0.083033,100.284226,90.971027,1.187195
571.5,33.981839,10.451251,67.640379,10.461808,0.082989,100.249195,90.98103,1.185839
572,33.981839,10.451251,67.640379,10.467592,0.08295,100.249195,90.98103,1.186441
572.5,33.985975,10.465096,67.917962,10.473377,0.082931,100.201274,90.993892,1.187683
573,33.985975,10.465096,67.917962,10.49073,0.082808,100.201274,90.993892,1.187193
573.5,33.973616,10.478569,68.205489,10.5023,0.0828,100.148532,91.001629,1.187736
574,33.98696,10.492525,68.469449,10.508084,0.082861,100.113108,91.010401,1.185771
574.5,33.98696,10.492525,68.469449,10.508084,0.082908,100.113108,91.010401,1.185229
575,33.978786,10.50545,68.719587,10.513869,0.082903,100.052887,91.028634,1.184132
575.5,33.978786,10.50545,68.719587,10.531222,0.082889,100.052887,91.028634,1.185153
576,33.97076,10.519308,69.016212,10.531222,0.082766,100.003736,91.024691,1.186628
576.5,33.97076,10.519308,69.016212,10.542791,0.082735,100.003736,91.024691,1.187335
577,33.976472,10.532318,69.270676,10.542791,0.082766,99.972396,91.036075,1.185043
577.5,33.971598,10.545732,69.556214,10.565929,0.082813,99.90755,91.037997,1.185085
578,33.971598,10.545732,69.556214,10.565929,0.082812,99.90755,91.037997,1.186009
578.5,33.973272,10.559166,69.809385,10.577498,0.082708,99.868091,91.044945,1.18656
579,33.973272,10.559166,69.809385,10.577498,0.082712,99.868091,91.044945,1.186611
579.5,33.967363,10.572062,70.051916,10.589067,0.082702,99.83803,91.050464,1.186248
580,33.955004,10.585374,70.33462,10.589067,0.082688,99.777121,91.044156,1.185545
580.5,33.955004,10.585374,70.33462,10.600636,0.082673,99.777121,91.044156,1.186295
581,33.964212,10.597938,70.579885,10.612205,0.082729,99.718572,91.046916,1.185241
581.5,33.964212,10.597938,70.579885,10.623774,0.082741,99.718572,91.046916,1.186614
582,33.960469,10.61066,70.699908,10.623774,0.082646,99.690233,91.047606,1.184815
582.5,33.95328,10.624018,71.020498,10.635343,0.082651,99.641673,91.034794,1.186343
583,33.95328,10.624018,71.020498,10.646912,0.082644,99.641673,91.034794,1.186446
583.5,33.961996,10.636661,71.33552,10.646912,0.082616,99.597098,91.035533,1.186456
584,33.961996,10.636661,71.33552,10.664266,0.082626,99.597098,91.035533,1.185993
584.5,33.948849,10.649747,71.468817,10.675835,0.082589,99.53668,91.023509,1.18636
585,33.948849,10.649747,71.468817,10.67005,0.08252,99.53668,91.023509,1.18561
585.5,33.960371,10.662632,71.717115,10.681619,0.082533,99.497172,91.020897,1.185767
586,33.954364,10.674839,71.949006,10.681619,0.082579,99.442068,91.020749,1.184933
586.5,33.954364,10.674839,71.949006,10.693188,0.082704,99.442068,91.020749,1.185009
587,33.954708,10.687068,72.19278,10.704757,0.082624,99.391835,91.00567,1.184861
587.5,33.954708,10.687068,72.19278,10.710542,0.082552,99.391835,91.00567,1.185853
588,33.965393,10.699858,72.432825,10.716326,0.082412,99.343668,90.996405,1.185555
588.5,33.956924,10.712458,72.700812,10.722111,0.082362,99.287039,90.997391,1.18415
589,33.956924,10.712458,72.700812,10.727896,0.08246,99.287039,90.997391,1.183354
589.5,33.958155,10.724192,72.913164,10.739465,0.082483,99.24886,90.978172,1.182923
590,33.958155,10.724192,72.913164,10.739465,0.082574,99.24886,90.978172,1.182905
590.5,33.957761,10.736207,73.12994,10.756818,0.082558,99.195035,90.970731,1.183024
591,33.951311,10.748443,73.379432,10.762603,0.08253,99.145244,90.96191,1.183161
591.5,33.951311,10.748443,73.379432,10.762603,0.082531,99.145244,90.96191,1.182674
592,33.961011,10.760442,73.585916,10.774172,0.082406,99.106425,90.947422,1.18302
592.5,33.961011,10.760442,73.585916,10.779956,0.082358,99.106425,90.947422,1.18324
593,33.950178,10.772366,73.839733,10.785741,0.082427,99.072723,90.939538,1.184157
593.5,33.950178,10.772366,73.839733,10.79731,0.082411,99.072723,90.939538,1.183674
594,33.953133,10.784401,74.043433,10.79731,0.082592,99.01324,90.922044,1.183647
594.5,33.955693,10.796404,74.253547,10.808879,0.082607,98.991543,90.909281,1.184899
595,33.955693,10.796404,74.253547,10.814663,0.082517,98.991543,90.909281,1.18499
595.5,33.947667,10.808682,74.391469,10.820448,0.082404,98.94436,90.892674,1.183196
596,33.947667,10.808682,74.391469,10.832017,0.08226,98.94436,90.892674,1.182914
596.5,33.957958,10.820944,74.652744,10.837801,0.082375,98.908002,90.884493,1.183236
597,33.951803,10.83249,74.799366,10.84937,0.082455,98.848765,90.864289,1.183387
597.5,33.951803,10.83249,74.799366,10.855155,0.082559,98.848765,90.864289,1.183254
598,33.95525,10.844296,75.027578,10.860939,0.08255,98.814521,90.858622,1.184325
