time,T_gasIn.T,T_waterOut.T,T_gasOut.T,T_waterIn.T,T_gasIn.inlet.m_flow,T_waterIn.inlet.m_flow
0,376.373,359.571,370.344,302.06,1.21894,0.08543
0,376.373,359.571,370.344,302.06,1.21894,0.08543
0,376.373,359.571,370.344,302.06,1.21894,0.08543
1,376.373,359.571,370.344,302.06,1.21894,0.08543
1,376.373,359.571,370.344,302.06,1.21894,0.08543
5,376.373,359.571,370.344,302.06,1.21894,0.08543
5,376.373,359.571,370.344,302.06,1.21894,0.08543
5,376.373,359.571,370.344,302.06,1.21894,0.08543
5,376.373,359.571,370.344,302.06,1.21894,0.08543
6,376.373,359.571,370.344,302.06,1.21894,0.08543
6,376.373,359.571,370.344,302.06,1.21894,0.08543
10,376.373,359.571,370.344,302.06,1.21894,0.08543
10,376.373,359.571,370.344,302.06,1.21894,0.08543
11,376.373,359.571,370.344,302.06,1.21894,0.08543
11,376.373,359.571,370.344,302.06,1.21894,0.08543
15,376.373,359.571,370.344,302.06,1.21894,0.08543
15,376.373,359.571,370.344,302.06,1.21894,0.08543
16,376.373,359.571,370.344,302.06,1.21894,0.08543
16,376.373,359.571,370.344,302.06,1.21894,0.08543
20,376.373,359.571,370.344,302.06,1.21894,0.08543
20,376.373,359.571,370.344,302.06,1.21894,0.08543
21,376.373,359.571,370.344,302.06,1.21894,0.08543
21,376.373,359.571,370.344,302.06,1.21894,0.08543
25,376.373,359.571,370.344,302.06,1.21894,0.08543
25,376.373,359.571,370.344,302.06,1.21894,0.08543
26,376.373,359.571,370.344,302.06,1.21894,0.08543
26,376.373,359.571,370.344,302.06,1.21894,0.08543
30,376.373,359.571,370.344,302.06,1.21894,0.08543
30,376.373,359.571,370.344,302.06,1.21894,0.08543
31,376.373,359.571,370.344,302.06,1.21894,0.08543
31,376.373,359.571,370.344,302.06,1.21894,0.08543
35,376.373,359.571,370.344,302.06,1.21894,0.08543
35,376.373,359.571,370.344,302.06,1.21894,0.08543
36,376.373,359.571,370.344,302.06,1.21894,0.08543
36,376.373,359.571,370.344,302.06,1.21894,0.08543
40,376.373,359.571,370.344,302.06,1.21894,0.08543
40,376.373,359.571,370.344,302.06,1.21894,0.08543
41,376.373,359.571,370.344,302.06,1.21894,0.08543
41,376.373,359.571,370.344,302.06,1.21894,0.08543
45,376.373,359.571,370.344,302.06,1.21894,0.08543
45,376.373,359.571,370.344,302.06,1.21894,0.08543
46,376.373,359.571,370.344,302.06,1.21894,0.08543
46,376.373,359.571,370.344,302.06,1.21894,0.08543
50,376.373,359.571,370.344,302.06,1.21894,0.08543
50,376.373,359.571,370.344,302.06,1.21894,0.08543
51,376.373,359.571,370.344,302.06,1.21894,0.08543
51,376.373,359.571,370.344,302.06,1.21894,0.08543
55,376.373,359.571,370.344,302.06,1.21894,0.08543
55,376.373,359.571,370.344,302.06,1.21894,0.08543
56,376.373,359.571,370.344,302.06,1.21894,0.08543
56,376.373,359.571,370.344,302.06,1.21894,0.08543
60,376.373,359.571,370.344,302.06,1.21894,0.08543
60,376.373,359.571,370.344,302.06,1.21894,0.08543
61,376.373,359.571,370.344,302.06,1.21894,0.08543
61,376.373,359.571,370.344,302.06,1.21894,0.08543
65,376.373,359.571,370.344,302.06,1.21894,0.08543
65,376.373,359.571,370.344,302.06,1.21894,0.08543
66,376.373,359.571,370.344,302.06,1.21894,0.08543
66,376.373,359.571,370.344,302.06,1.21894,0.08543
70,376.373,359.571,370.344,302.06,1.21894,0.08543
70,376.373,359.571,370.344,302.06,1.21894,0.08543
71,376.373,359.571,370.344,302.06,1.21894,0.08543
71,376.373,359.571,370.344,302.06,1.21894,0.08543
75,376.373,359.571,370.344,302.06,1.21894,0.08543
75,376.373,359.571,370.344,302.06,1.21894,0.08543
76,376.373,359.571,370.344,302.06,1.21894,0.08543
76,376.373,359.571,370.344,302.06,1.21894,0.08543
80,376.373,359.571,370.344,302.06,1.21894,0.08543
80,376.373,359.571,370.344,302.06,1.21894,0.08543
81,376.373,359.571,370.344,302.06,1.21894,0.08543
81,376.373,359.571,370.344,302.06,1.21894,0.08543
85,376.373,359.571,370.344,302.06,1.21894,0.08543
85,376.373,359.571,370.344,302.06,1.21894,0.08543
86,376.373,359.571,370.344,302.06,1.21894,0.08543
86,376.373,359.571,370.344,302.06,1.21894,0.08543
90,376.373,359.571,370.344,302.06,1.21894,0.08543
90,376.373,359.571,370.344,302.06,1.21894,0.08543
91,376.373,359.571,370.344,302.06,1.21894,0.08543
91,376.373,359.571,370.344,302.06,1.21894,0.08543
95,376.373,359.571,370.344,302.06,1.21894,0.08543
95,376.373,359.571,370.344,302.06,1.21894,0.08543
96,376.373,359.571,370.344,302.06,1.21894,0.08543
96,376.373,359.571,370.344,302.06,1.21894,0.08543
100,376.373,359.571,370.344,302.06,1.21894,0.08543
100,376.373,359.571,370.344,302.06,1.21894,0.08543
101,376.373,359.571,370.344,302.06,1.21894,0.08543
101,376.373,359.571,370.344,302.06,1.21894,0.08543
105,376.373,359.571,370.344,302.06,1.21894,0.08543
105,376.373,359.571,370.344,302.06,1.21894,0.08543
106,376.373,359.571,370.344,302.06,1.21894,0.08543
106,376.373,359.571,370.344,302.06,1.21894,0.08543
110,376.373,359.571,370.344,302.06,1.21894,0.08543
110,376.373,359.571,370.344,302.06,1.21894,0.08543
111,376.373,359.571,370.344,302.06,1.21894,0.08543
111,376.373,359.571,370.344,302.06,1.21894,0.08543
115,376.373,359.571,370.344,302.06,1.21894,0.08543
115,376.373,359.571,370.344,302.06,1.21894,0.08543
116,376.373,359.571,370.344,302.06,1.21894,0.08543
116,376.373,359.571,370.344,302.06,1.21894,0.08543
120,376.373,359.571,370.344,302.06,1.21894,0.08543
120,376.373,359.571,370.344,302.06,1.21894,0.08543
121,376.373,359.571,370.344,302.06,1.21894,0.08543
121,376.373,359.571,370.344,302.06,1.21894,0.08543
125,376.373,359.571,370.344,302.06,1.21894,0.08543
125,376.373,359.571,370.344,302.06,1.21894,0.08543
126,376.373,359.571,370.344,302.06,1.21894,0.08543
126,376.373,359.571,370.344,302.06,1.21894,0.08543
130,376.373,359.571,370.344,302.06,1.21894,0.08543
130,376.373,359.571,370.344,302.06,1.21894,0.08543
131,376.373,359.571,370.344,302.06,1.21894,0.08543
131,376.373,359.571,370.344,302.06,1.21894,0.08543
135,376.373,359.571,370.344,302.06,1.21894,0.08543
135,376.373,359.571,370.344,302.06,1.21894,0.08543
136,376.373,359.571,370.344,302.06,1.21894,0.08543
136,376.373,359.571,370.344,302.06,1.21894,0.08543
140,376.373,359.571,370.344,302.06,1.21894,0.08543
140,376.373,359.571,370.344,302.06,1.21894,0.08543
141,376.373,359.571,370.344,302.06,1.21894,0.08543
141,376.373,359.571,370.344,302.06,1.21894,0.08543
145,376.373,359.571,370.344,302.06,1.21894,0.08543
145,376.373,359.571,370.344,302.06,1.21894,0.08543
146,376.373,359.571,370.344,302.06,1.21894,0.08543
146,376.373,359.571,370.344,302.06,1.21894,0.08543
150,376.373,359.571,370.344,302.06,1.21894,0.08543
150,376.373,359.571,370.344,302.06,1.21894,0.08543
151,376.373,359.571,370.344,302.06,1.21894,0.08543
151,376.373,359.571,370.344,302.06,1.21894,0.08543
155,376.373,359.571,370.344,302.06,1.21894,0.08543
155,376.373,359.571,370.344,302.06,1.21894,0.08543
156,376.373,359.571,370.344,302.06,1.21894,0.08543
156,376.373,359.571,370.344,302.06,1.21894,0.08543
160,376.373,359.571,370.344,302.06,1.21894,0.08543
160,376.373,359.571,370.344,302.06,1.21894,0.08543
161,376.373,359.571,370.344,302.06,1.21894,0.08543
161,376.373,359.571,370.344,302.06,1.21894,0.08543
165,376.373,359.571,370.344,302.06,1.21894,0.08543
165,376.373,359.571,370.344,302.06,1.21894,0.08543
166,376.373,359.571,370.344,302.06,1.21894,0.08543
166,376.373,359.571,370.344,302.06,1.21894,0.08543
170,376.373,359.571,370.344,302.06,1.21894,0.08543
170,376.373,359.571,370.344,302.06,1.21894,0.08543
171,376.373,359.571,370.344,302.06,1.21894,0.08543
171,376.373,359.571,370.344,302.06,1.21894,0.08543
175,376.373,359.571,370.344,302.06,1.21894,0.08543
175,376.373,359.571,370.344,302.06,1.21894,0.08543
176,376.373,359.571,370.344,302.06,1.21894,0.08543
176,376.373,359.571,370.344,302.06,1.21894,0.08543
180,376.373,359.571,370.344,302.06,1.21894,0.08543
180,376.373,359.571,370.344,302.06,1.21894,0.08543
181,376.373,359.571,370.344,302.06,1.21894,0.08543
181,376.373,359.571,370.344,302.06,1.21894,0.08543
185,376.373,359.571,370.344,302.06,1.21894,0.08543
185,376.373,359.571,370.344,302.06,1.21894,0.08543
186,376.373,359.571,370.344,302.06,1.21894,0.08543
186,376.373,359.571,370.344,302.06,1.21894,0.08543
190,376.373,359.571,370.344,302.06,1.21894,0.08543
190,376.373,359.571,370.344,302.06,1.21894,0.08543
191,376.373,359.571,370.344,302.06,1.21894,0.08543
191,376.373,359.571,370.344,302.06,1.21894,0.08543
195,376.373,359.571,370.344,302.06,1.21894,0.08543
195,376.373,359.571,370.344,302.06,1.21894,0.08543
196,376.373,359.571,370.344,302.06,1.21894,0.08543
196,376.373,359.571,370.344,302.06,1.21894,0.08543
200,376.373,359.571,370.344,302.06,1.21894,0.08543
200,376.373,359.571,370.344,302.06,1.21894,0.08543
201,376.373,359.571,370.344,302.06,1.21894,0.08543
201,376.373,359.571,370.344,302.06,1.21894,0.08543
205,376.373,359.571,370.344,302.06,1.21894,0.08543
205,376.373,359.571,370.344,302.06,1.21894,0.08543
206,376.373,359.571,370.344,302.06,1.21894,0.08543
206,376.373,359.571,370.344,302.06,1.21894,0.08543
210,376.373,359.571,370.344,302.06,1.21894,0.08543
210,376.373,359.571,370.344,302.06,1.21894,0.08543
211,376.373,359.571,370.344,302.06,1.21894,0.08543
211,376.373,359.571,370.344,302.06,1.21894,0.08543
215,376.373,359.571,370.344,302.06,1.21894,0.08543
215,376.373,359.571,370.344,302.06,1.21894,0.08543
216,376.373,359.571,370.344,302.06,1.21894,0.08543
216,376.373,359.571,370.344,302.06,1.21894,0.08543
220,376.373,359.571,370.344,302.06,1.21894,0.08543
220,376.373,359.571,370.344,302.06,1.21894,0.08543
220,376.373,359.571,370.344,302.06,1.21894,0.08543
220,376.373,359.571,370.344,302.06,0,0.08543
221,376.373,343.073,370.344,302.06,0,0.08543
221,376.373,343.073,370.344,302.06,0,0.08543
225,376.373,310.613,370.344,302.06,0,0.08543
225,376.373,310.613,370.344,302.06,0,0.08543
226,376.373,307.679,370.344,302.06,0,0.08543
226,376.373,307.679,370.344,302.06,0,0.08543
227.509,376.373,304.67,370.344,302.06,0,0.08543
227.509,376.373,304.67,370.344,302.06,0,0.08543
230,376.373,302.647,370.344,302.06,0,0.08543
230,376.373,302.647,370.344,302.06,0,0.08543
230.47,376.373,302.501,370.344,302.06,0,0.08543
230.47,376.373,302.501,370.344,302.06,0,0.08543
231,376.373,302.379,370.344,302.06,0,0.08543
231,376.373,302.379,370.344,302.06,0,0.08543
232.251,376.373,302.204,370.344,302.06,0,0.08543
232.251,376.373,302.204,370.344,302.06,0,0.08543
233.677,376.373,302.118,370.344,302.06,0,0.08543
233.677,376.373,302.118,370.344,302.06,0,0.08543
234.932,376.373,302.086,370.344,302.06,0,0.08543
234.932,376.373,302.086,370.344,302.06,0,0.08543
235,376.373,302.085,370.344,302.06,0,0.08543
235,376.373,302.085,370.344,302.06,0,0.08543
236,376.373,302.073,370.344,302.06,0,0.08543
236,376.373,302.073,370.344,302.06,0,0.08543
236.084,376.373,302.073,370.344,302.06,0,0.08543
236.084,376.373,302.073,370.344,302.06,0,0.08543
237.153,376.373,302.067,370.344,302.06,0,0.08543
237.153,376.373,302.067,370.344,302.06,0,0.08543
238.16,376.373,302.064,370.344,302.06,0,0.08543
238.16,376.373,302.064,370.344,302.06,0,0.08543
239.124,376.373,302.062,370.344,302.06,0,0.08543
239.124,376.373,302.062,370.344,302.06,0,0.08543
240,376.373,302.061,370.344,302.06,0,0.08543
240,376.373,302.061,370.344,302.06,0,0.08543
240.052,376.373,302.061,370.344,302.06,0,0.08543
240.052,376.373,302.061,370.344,302.06,0,0.08543
241,376.373,302.061,370.344,302.06,0,0.08543
241,376.373,302.061,370.344,302.06,0,0.08543
245,376.373,302.06,370.344,302.06,0,0.08543
245,376.373,302.06,370.344,302.06,0,0.08543
246,376.373,302.06,370.344,302.06,0,0.08543
246,376.373,302.06,370.344,302.06,0,0.08543
250,376.373,302.06,370.344,302.06,0,0.08543
250,376.373,302.06,370.344,302.06,0,0.08543
250.33,376.373,302.06,370.344,302.06,0,0.08543
250.33,376.373,302.06,370.344,302.06,0,0.08543
251,376.373,302.06,370.344,302.06,0,0.08543
251,376.373,302.06,370.344,302.06,0,0.08543
255,376.373,302.06,370.344,302.06,0,0.08543
255,376.373,302.06,370.344,302.06,0,0.08543
256,376.373,302.06,370.344,302.06,0,0.08543
256,376.373,302.06,370.344,302.06,0,0.08543
260,376.373,302.06,370.344,302.06,0,0.08543
260,376.373,302.06,370.344,302.06,0,0.08543
261,376.373,302.06,370.344,302.06,0,0.08543
261,376.373,302.06,370.344,302.06,0,0.08543
265,376.373,302.06,370.344,302.06,0,0.08543
265,376.373,302.06,370.344,302.06,0,0.08543
266,376.373,302.06,370.344,302.06,0,0.08543
266,376.373,302.06,370.344,302.06,0,0.08543
270,376.373,302.06,370.344,302.06,0,0.08543
270,376.373,302.06,370.344,302.06,0,0.08543
271,376.373,302.06,370.344,302.06,0,0.08543
271,376.373,302.06,370.344,302.06,0,0.08543
275,376.373,302.06,370.344,302.06,0,0.08543
275,376.373,302.06,370.344,302.06,0,0.08543
276,376.373,302.06,370.344,302.06,0,0.08543
276,376.373,302.06,370.344,302.06,0,0.08543
280,376.373,302.06,370.344,302.06,0,0.08543
280,376.373,302.06,370.344,302.06,0,0.08543
281,376.373,302.06,370.344,302.06,0,0.08543
281,376.373,302.06,370.344,302.06,0,0.08543
285,376.373,302.06,370.344,302.06,0,0.08543
285,376.373,302.06,370.344,302.06,0,0.08543
286,376.373,302.06,370.344,302.06,0,0.08543
286,376.373,302.06,370.344,302.06,0,0.08543
290,376.373,302.06,370.344,302.06,0,0.08543
290,376.373,302.06,370.344,302.06,0,0.08543
291,376.373,302.06,370.344,302.06,0,0.08543
291,376.373,302.06,370.344,302.06,0,0.08543
295,376.373,302.06,370.344,302.06,0,0.08543
295,376.373,302.06,370.344,302.06,0,0.08543
296,376.373,302.06,370.344,302.06,0,0.08543
296,376.373,302.06,370.344,302.06,0,0.08543
300,376.373,302.06,370.344,302.06,0,0.08543
300,376.373,302.06,370.344,302.06,0,0.08543
301,376.373,302.06,370.344,302.06,0,0.08543
301,376.373,302.06,370.344,302.06,0,0.08543
305,376.373,302.06,370.344,302.06,0,0.08543
305,376.373,302.06,370.344,302.06,0,0.08543
306,376.373,302.06,370.344,302.06,0,0.08543
306,376.373,302.06,370.344,302.06,0,0.08543
310,376.373,302.06,370.344,302.06,0,0.08543
310,376.373,302.06,370.344,302.06,0,0.08543
311,376.373,302.06,370.344,302.06,0,0.08543
311,376.373,302.06,370.344,302.06,0,0.08543
315,376.373,302.06,370.344,302.06,0,0.08543
315,376.373,302.06,370.344,302.06,0,0.08543
316,376.373,302.06,370.344,302.06,0,0.08543
316,376.373,302.06,370.344,302.06,0,0.08543
320,376.373,302.06,370.344,302.06,0,0.08543
320,376.373,302.06,370.344,302.06,0,0.08543
321,376.373,302.06,370.344,302.06,0,0.08543
321,376.373,302.06,370.344,302.06,0,0.08543
325,376.373,302.06,370.344,302.06,0,0.08543
325,376.373,302.06,370.344,302.06,0,0.08543
326,376.373,302.06,370.344,302.06,0,0.08543
326,376.373,302.06,370.344,302.06,0,0.08543
330,376.373,302.06,370.344,302.06,0,0.08543
330,376.373,302.06,370.344,302.06,0,0.08543
331,376.373,302.06,370.344,302.06,0,0.08543
331,376.373,302.06,370.344,302.06,0,0.08543
335,376.373,302.06,370.344,302.06,0,0.08543
335,376.373,302.06,370.344,302.06,0,0.08543
336,376.373,302.06,370.344,302.06,0,0.08543
336,376.373,302.06,370.344,302.06,0,0.08543
340,376.373,302.06,370.344,302.06,0,0.08543
340,376.373,302.06,370.344,302.06,0,0.08543
341,376.373,302.06,370.344,302.06,0,0.08543
341,376.373,302.06,370.344,302.06,0,0.08543
345,376.373,302.06,370.344,302.06,0,0.08543
345,376.373,302.06,370.344,302.06,0,0.08543
346,376.373,302.06,370.344,302.06,0,0.08543
346,376.373,302.06,370.344,302.06,0,0.08543
350,376.373,302.06,370.344,302.06,0,0.08543
350,376.373,302.06,370.344,302.06,0,0.08543
351,376.373,302.06,370.344,302.06,0,0.08543
351,376.373,302.06,370.344,302.06,0,0.08543
355,376.373,302.06,370.344,302.06,0,0.08543
355,376.373,302.06,370.344,302.06,0,0.08543
356,376.373,302.06,370.344,302.06,0,0.08543
356,376.373,302.06,370.344,302.06,0,0.08543
360,376.373,302.06,370.344,302.06,0,0.08543
360,376.373,302.06,370.344,302.06,0,0.08543
361,376.373,302.06,370.344,302.06,0,0.08543
361,376.373,302.06,370.344,302.06,0,0.08543
365,376.373,302.06,370.344,302.06,0,0.08543
365,376.373,302.06,370.344,302.06,0,0.08543
366,376.373,302.06,370.344,302.06,0,0.08543
366,376.373,302.06,370.344,302.06,0,0.08543
370,376.373,302.06,370.344,302.06,0,0.08543
370,376.373,302.06,370.344,302.06,0,0.08543
371,376.373,302.06,370.344,302.06,0,0.08543
371,376.373,302.06,370.344,302.06,0,0.08543
375,376.373,302.06,370.344,302.06,0,0.08543
375,376.373,302.06,370.344,302.06,0,0.08543
376,376.373,302.06,370.344,302.06,0,0.08543
376,376.373,302.06,370.344,302.06,0,0.08543
380,376.373,302.06,370.344,302.06,0,0.08543
380,376.373,302.06,370.344,302.06,0,0.08543
381,376.373,302.06,370.344,302.06,0,0.08543
381,376.373,302.06,370.344,302.06,0,0.08543
385,376.373,302.06,370.344,302.06,0,0.08543
385,376.373,302.06,370.344,302.06,0,0.08543
386,376.373,302.06,370.344,302.06,0,0.08543
386,376.373,302.06,370.344,302.06,0,0.08543
390,376.373,302.06,370.344,302.06,0,0.08543
390,376.373,302.06,370.344,302.06,0,0.08543
391,376.373,302.06,370.344,302.06,0,0.08543
391,376.373,302.06,370.344,302.06,0,0.08543
395,376.373,302.06,370.344,302.06,0,0.08543
395,376.373,302.06,370.344,302.06,0,0.08543
396,376.373,302.06,370.344,302.06,0,0.08543
396,376.373,302.06,370.344,302.06,0,0.08543
400,376.373,302.06,370.344,302.06,0,0.08543
400,376.373,302.06,370.344,302.06,0,0.08543
401,376.373,302.06,370.344,302.06,0,0.08543
401,376.373,302.06,370.344,302.06,0,0.08543
405,376.373,302.06,370.344,302.06,0,0.08543
405,376.373,302.06,370.344,302.06,0,0.08543
406,376.373,302.06,370.344,302.06,0,0.08543
406,376.373,302.06,370.344,302.06,0,0.08543
410,376.373,302.06,370.344,302.06,0,0.08543
410,376.373,302.06,370.344,302.06,0,0.08543
411,376.373,302.06,370.344,302.06,0,0.08543
411,376.373,302.06,370.344,302.06,0,0.08543
415,376.373,302.06,370.344,302.06,0,0.08543
415,376.373,302.06,370.344,302.06,0,0.08543
416,376.373,302.06,370.344,302.06,0,0.08543
416,376.373,302.06,370.344,302.06,0,0.08543
420,376.373,302.06,370.344,302.06,0,0.08543
420,376.373,302.06,370.344,302.06,0,0.08543
421,376.373,302.06,370.344,302.06,0,0.08543
421,376.373,302.06,370.344,302.06,0,0.08543
425,376.373,302.06,370.344,302.06,0,0.08543
425,376.373,302.06,370.344,302.06,0,0.08543
426,376.373,302.06,370.344,302.06,0,0.08543
426,376.373,302.06,370.344,302.06,0,0.08543
430,376.373,302.06,370.344,302.06,0,0.08543
430,376.373,302.06,370.344,302.06,0,0.08543
431,376.373,302.06,370.344,302.06,0,0.08543
431,376.373,302.06,370.344,302.06,0,0.08543
435,376.373,302.06,370.344,302.06,0,0.08543
435,376.373,302.06,370.344,302.06,0,0.08543
436,376.373,302.06,370.344,302.06,0,0.08543
436,376.373,302.06,370.344,302.06,0,0.08543
440,376.373,302.06,370.344,302.06,0,0.08543
440,376.373,302.06,370.344,302.06,0,0.08543
441,376.373,302.06,370.344,302.06,0,0.08543
441,376.373,302.06,370.344,302.06,0,0.08543
445,376.373,302.06,370.344,302.06,0,0.08543
445,376.373,302.06,370.344,302.06,0,0.08543
446,376.373,302.06,370.344,302.06,0,0.08543
446,376.373,302.06,370.344,302.06,0,0.08543
450,376.373,302.06,370.344,302.06,0,0.08543
450,376.373,302.06,370.344,302.06,0,0.08543
451,376.373,302.06,370.344,302.06,0,0.08543
451,376.373,302.06,370.344,302.06,0,0.08543
455,376.373,302.06,370.344,302.06,0,0.08543
455,376.373,302.06,370.344,302.06,0,0.08543
456,376.373,302.06,370.344,302.06,0,0.08543
456,376.373,302.06,370.344,302.06,0,0.08543
460,376.373,302.06,370.344,302.06,0,0.08543
460,376.373,302.06,370.344,302.06,0,0.08543
461,376.373,302.06,370.344,302.06,0,0.08543
461,376.373,302.06,370.344,302.06,0,0.08543
465,376.373,302.06,370.344,302.06,0,0.08543
465,376.373,302.06,370.344,302.06,0,0.08543
466,376.373,302.06,370.344,302.06,0,0.08543
466,376.373,302.06,370.344,302.06,0,0.08543
470,376.373,302.06,370.344,302.06,0,0.08543
470,376.373,302.06,370.344,302.06,0,0.08543
471,376.373,302.06,370.344,302.06,0,0.08543
471,376.373,302.06,370.344,302.06,0,0.08543
475,376.373,302.06,370.344,302.06,0,0.08543
475,376.373,302.06,370.344,302.06,0,0.08543
476,376.373,302.06,370.344,302.06,0,0.08543
476,376.373,302.06,370.344,302.06,0,0.08543
480,376.373,302.06,370.344,302.06,0,0.08543
480,376.373,302.06,370.344,302.06,0,0.08543
480,376.373,302.06,370.344,302.06,0,0.08543
480,376.373,302.06,370.344,302.06,1.21894,0.08543
480,376.373,302.06,370.337,302.06,1.21894,0.08543
480,376.373,302.06,370.337,302.06,1.21894,0.08543
480,376.373,302.06,370.337,302.06,1.21894,0.08543
480,376.373,302.06,370.337,302.06,1.21894,0.08543
480,376.373,302.06,370.337,302.06,1.21894,0.08543
480,376.373,302.06,370.337,302.06,1.21894,0.08543
480,376.373,302.06,370.337,302.06,1.21894,0.08543
480,376.373,302.06,370.337,302.06,1.21894,0.08543
480,376.373,302.06,370.337,302.06,1.21894,0.08543
480,376.373,302.06,370.337,302.06,1.21894,0.08543
480,376.373,302.06,370.337,302.06,1.21894,0.08543
480,376.373,302.06,370.337,302.06,1.21894,0.08543
480,376.373,302.06,370.337,302.06,1.21894,0.08543
480,376.373,302.06,370.337,302.06,1.21894,0.08543
480,376.373,302.06,370.337,302.06,1.21894,0.08543
480,376.373,302.06,370.337,302.06,1.21894,0.08543
480,376.373,302.06,370.336,302.06,1.21894,0.08543
480,376.373,302.06,370.336,302.06,1.21894,0.08543
480,376.373,302.06,370.336,302.06,1.21894,0.08543
480,376.373,302.06,370.336,302.06,1.21894,0.08543
481,376.373,335.352,366.8,302.06,1.21894,0.08543
481,376.373,335.352,366.8,302.06,1.21894,0.08543
485,376.373,359.24,370.31,302.06,1.21894,0.08543
485,376.373,359.24,370.31,302.06,1.21894,0.08543
486,376.373,359.436,370.33,302.06,1.21894,0.08543
486,376.373,359.436,370.33,302.06,1.21894,0.08543
490,376.373,359.585,370.345,302.06,1.21894,0.08543
490,376.373,359.585,370.345,302.06,1.21894,0.08543
491,376.373,359.576,370.344,302.06,1.21894,0.08543
491,376.373,359.576,370.344,302.06,1.21894,0.08543
495,376.373,359.571,370.344,302.06,1.21894,0.08543
495,376.373,359.571,370.344,302.06,1.21894,0.08543
496,376.373,359.571,370.344,302.06,1.21894,0.08543
496,376.373,359.571,370.344,302.06,1.21894,0.08543
500,376.373,359.571,370.344,302.06,1.21894,0.08543
500,376.373,359.571,370.344,302.06,1.21894,0.08543
501,376.373,359.571,370.344,302.06,1.21894,0.08543
501,376.373,359.571,370.344,302.06,1.21894,0.08543
501.596,376.373,359.571,370.344,302.06,1.21894,0.08543
501.596,376.373,359.571,370.344,302.06,1.21894,0.08543
505,376.373,359.571,370.344,302.06,1.21894,0.08543
505,376.373,359.571,370.344,302.06,1.21894,0.08543
506,376.373,359.571,370.344,302.06,1.21894,0.08543
506,376.373,359.571,370.344,302.06,1.21894,0.08543
510,376.373,359.571,370.344,302.06,1.21894,0.08543
510,376.373,359.571,370.344,302.06,1.21894,0.08543
511,376.373,359.571,370.344,302.06,1.21894,0.08543
511,376.373,359.571,370.344,302.06,1.21894,0.08543
515,376.373,359.571,370.344,302.06,1.21894,0.08543
515,376.373,359.571,370.344,302.06,1.21894,0.08543
516,376.373,359.571,370.344,302.06,1.21894,0.08543
516,376.373,359.571,370.344,302.06,1.21894,0.08543
520,376.373,359.571,370.344,302.06,1.21894,0.08543
520,376.373,359.571,370.344,302.06,1.21894,0.08543
521,376.373,359.571,370.344,302.06,1.21894,0.08543
521,376.373,359.571,370.344,302.06,1.21894,0.08543
525,376.373,359.571,370.344,302.06,1.21894,0.08543
525,376.373,359.571,370.344,302.06,1.21894,0.08543
526,376.373,359.571,370.344,302.06,1.21894,0.08543
526,376.373,359.571,370.344,302.06,1.21894,0.08543
530,376.373,359.571,370.344,302.06,1.21894,0.08543
530,376.373,359.571,370.344,302.06,1.21894,0.08543
531,376.373,359.571,370.344,302.06,1.21894,0.08543
531,376.373,359.571,370.344,302.06,1.21894,0.08543
535,376.373,359.571,370.344,302.06,1.21894,0.08543
535,376.373,359.571,370.344,302.06,1.21894,0.08543
536,376.373,359.571,370.344,302.06,1.21894,0.08543
536,376.373,359.571,370.344,302.06,1.21894,0.08543
540,376.373,359.571,370.344,302.06,1.21894,0.08543
540,376.373,359.571,370.344,302.06,1.21894,0.08543
541,376.373,359.571,370.344,302.06,1.21894,0.08543
541,376.373,359.571,370.344,302.06,1.21894,0.08543
545,376.373,359.571,370.344,302.06,1.21894,0.08543
545,376.373,359.571,370.344,302.06,1.21894,0.08543
546,376.373,359.571,370.344,302.06,1.21894,0.08543
546,376.373,359.571,370.344,302.06,1.21894,0.08543
550,376.373,359.571,370.344,302.06,1.21894,0.08543
550,376.373,359.571,370.344,302.06,1.21894,0.08543
551,376.373,359.571,370.344,302.06,1.21894,0.08543
551,376.373,359.571,370.344,302.06,1.21894,0.08543
555,376.373,359.571,370.344,302.06,1.21894,0.08543
555,376.373,359.571,370.344,302.06,1.21894,0.08543
556,376.373,359.571,370.344,302.06,1.21894,0.08543
556,376.373,359.571,370.344,302.06,1.21894,0.08543
560,376.373,359.571,370.344,302.06,1.21894,0.08543
560,376.373,359.571,370.344,302.06,1.21894,0.08543
561,376.373,359.571,370.344,302.06,1.21894,0.08543
561,376.373,359.571,370.344,302.06,1.21894,0.08543
565,376.373,359.571,370.344,302.06,1.21894,0.08543
565,376.373,359.571,370.344,302.06,1.21894,0.08543
566,376.373,359.571,370.344,302.06,1.21894,0.08543
566,376.373,359.571,370.344,302.06,1.21894,0.08543
570,376.373,359.571,370.344,302.06,1.21894,0.08543
570,376.373,359.571,370.344,302.06,1.21894,0.08543
571,376.373,359.571,370.344,302.06,1.21894,0.08543
571,376.373,359.571,370.344,302.06,1.21894,0.08543
575,376.373,359.571,370.344,302.06,1.21894,0.08543
575,376.373,359.571,370.344,302.06,1.21894,0.08543
576,376.373,359.571,370.344,302.06,1.21894,0.08543
576,376.373,359.571,370.344,302.06,1.21894,0.08543
580,376.373,359.571,370.344,302.06,1.21894,0.08543
580,376.373,359.571,370.344,302.06,1.21894,0.08543
581,376.373,359.571,370.344,302.06,1.21894,0.08543
581,376.373,359.571,370.344,302.06,1.21894,0.08543
585,376.373,359.571,370.344,302.06,1.21894,0.08543
585,376.373,359.571,370.344,302.06,1.21894,0.08543
586,376.373,359.571,370.344,302.06,1.21894,0.08543
586,376.373,359.571,370.344,302.06,1.21894,0.08543
590,376.373,359.571,370.344,302.06,1.21894,0.08543
590,376.373,359.571,370.344,302.06,1.21894,0.08543
591,376.373,359.571,370.344,302.06,1.21894,0.08543
591,376.373,359.571,370.344,302.06,1.21894,0.08543
595,376.373,359.571,370.344,302.06,1.21894,0.08543
595,376.373,359.571,370.344,302.06,1.21894,0.08543
596,376.373,359.571,370.344,302.06,1.21894,0.08543
596,376.373,359.571,370.344,302.06,1.21894,0.08543
600,376.373,359.571,370.344,302.06,1.21894,0.08543
600,376.373,359.571,370.344,302.06,1.21894,0.08543
600,376.373,359.571,370.344,302.06,1.21894,0.08543
