time,T_gasIn.T,T_gasOut.T,T_waterOut.T,T_waterIn.T,T_gasIn.inlet.m_flow,T_waterIn.inlet.m_flow
0,321.371,319.207,305.714,295.307,0.606862,0.083115
0,321.371,319.207,305.714,295.307,0.606862,0.083115
0,321.371,319.207,305.714,295.307,0.606862,0.083115
0.000610309,321.371,319.207,305.714,295.307,0.606862,0.083115
0.000610309,321.371,319.207,305.714,295.307,0.606862,0.083115
1,321.372,319.208,305.714,295.307,0.606862,0.083115
1,321.372,319.208,305.714,295.307,0.606862,0.083115
5,321.377,319.213,305.716,295.307,0.606862,0.083115
5,321.377,319.213,305.716,295.307,0.606862,0.083115
5,321.377,319.213,305.716,295.307,0.606862,0.083115
5,321.377,319.213,305.716,295.307,0.606862,0.083115
6,321.378,319.214,305.716,295.307,0.606862,0.083115
6,321.378,319.214,305.716,295.307,0.606862,0.083115
10,321.384,319.219,305.719,295.307,0.606862,0.083115
10,321.384,319.219,305.719,295.307,0.606862,0.083115
11,321.385,319.22,305.719,295.307,0.606862,0.083115
11,321.385,319.22,305.719,295.307,0.606862,0.083115
15,321.39,319.225,305.722,295.307,0.606862,0.083115
15,321.39,319.225,305.722,295.307,0.606862,0.083115
16,321.392,319.226,305.722,295.307,0.606862,0.083115
16,321.392,319.226,305.722,295.307,0.606862,0.083115
20,321.397,319.231,305.724,295.307,0.606862,0.083115
20,321.397,319.231,305.724,295.307,0.606862,0.083115
21,321.398,319.232,305.725,295.307,0.606862,0.083115
21,321.398,319.232,305.725,295.307,0.606862,0.083115
25,321.403,319.237,305.727,295.307,0.606862,0.083115
25,321.403,319.237,305.727,295.307,0.606862,0.083115
26,321.405,319.238,305.728,295.307,0.606862,0.083115
26,321.405,319.238,305.728,295.307,0.606862,0.083115
30,321.41,319.242,305.73,295.307,0.606862,0.083115
30,321.41,319.242,305.73,295.307,0.606862,0.083115
31,321.411,319.244,305.731,295.307,0.606862,0.083115
31,321.411,319.244,305.731,295.307,0.606862,0.083115
35,321.416,319.248,305.733,295.307,0.606862,0.083115
35,321.416,319.248,305.733,295.307,0.606862,0.083115
36,321.418,319.25,305.734,295.307,0.606862,0.083115
36,321.418,319.25,305.734,295.307,0.606862,0.083115
40,321.423,319.254,305.736,295.307,0.606862,0.083115
40,321.423,319.254,305.736,295.307,0.606862,0.083115
41,321.424,319.255,305.737,295.307,0.606862,0.083115
41,321.424,319.255,305.737,295.307,0.606862,0.083115
45,321.43,319.26,305.739,295.307,0.606862,0.083115
45,321.43,319.26,305.739,295.307,0.606862,0.083115
46,321.431,319.261,305.739,295.307,0.606862,0.083115
46,321.431,319.261,305.739,295.307,0.606862,0.083115
50,321.436,319.266,305.742,295.307,0.606862,0.083115
50,321.436,319.266,305.742,295.307,0.606862,0.083115
51,321.437,319.267,305.742,295.307,0.606862,0.083115
51,321.437,319.267,305.742,295.307,0.606862,0.083115
55,321.443,319.272,305.745,295.307,0.606862,0.083115
55,321.443,319.272,305.745,295.307,0.606862,0.083115
56,321.444,319.273,305.745,295.307,0.606862,0.083115
56,321.444,319.273,305.745,295.307,0.606862,0.083115
60,321.449,319.278,305.747,295.307,0.606862,0.083115
60,321.449,319.278,305.747,295.307,0.606862,0.083115
61,321.451,319.279,305.748,295.307,0.606862,0.083115
61,321.451,319.279,305.748,295.307,0.606862,0.083115
65,321.456,319.284,305.75,295.307,0.606862,0.083115
65,321.456,319.284,305.75,295.307,0.606862,0.083115
66,321.457,319.285,305.751,295.307,0.606862,0.083115
66,321.457,319.285,305.751,295.307,0.606862,0.083115
70,321.462,319.289,305.753,295.307,0.606862,0.083115
70,321.462,319.289,305.753,295.307,0.606862,0.083115
71,321.464,319.291,305.754,295.307,0.606862,0.083115
71,321.464,319.291,305.754,295.307,0.606862,0.083115
75,321.469,319.295,305.756,295.307,0.606862,0.083115
75,321.469,319.295,305.756,295.307,0.606862,0.083115
76,321.47,319.297,305.757,295.307,0.606862,0.083115
76,321.47,319.297,305.757,295.307,0.606862,0.083115
80,321.475,319.301,305.759,295.307,0.606862,0.083115
80,321.475,319.301,305.759,295.307,0.606862,0.083115
81,321.477,319.302,305.76,295.307,0.606862,0.083115
81,321.477,319.302,305.76,295.307,0.606862,0.083115
85,321.482,319.307,305.762,295.307,0.606862,0.083115
85,321.482,319.307,305.762,295.307,0.606862,0.083115
86,321.483,319.308,305.762,295.307,0.606862,0.083115
86,321.483,319.308,305.762,295.307,0.606862,0.083115
90,321.489,319.313,305.765,295.307,0.606862,0.083115
90,321.489,319.313,305.765,295.307,0.606862,0.083115
91,321.49,319.314,305.765,295.307,0.606862,0.083115
91,321.49,319.314,305.765,295.307,0.606862,0.083115
95,321.495,319.319,305.768,295.307,0.606862,0.083115
95,321.495,319.319,305.768,295.307,0.606862,0.083115
96,321.496,319.32,305.768,295.307,0.606862,0.083115
96,321.496,319.32,305.768,295.307,0.606862,0.083115
100,321.502,319.325,305.771,295.307,0.606862,0.083115
100,321.502,319.325,305.771,295.307,0.606862,0.083115
101,321.503,319.326,305.771,295.307,0.606862,0.083115
101,321.503,319.326,305.771,295.307,0.606862,0.083115
105,321.508,319.331,305.773,295.307,0.606862,0.083115
105,321.508,319.331,305.773,295.307,0.606862,0.083115
106,321.51,319.332,305.774,295.307,0.606862,0.083115
106,321.51,319.332,305.774,295.307,0.606862,0.083115
110,321.515,319.336,305.776,295.307,0.606862,0.083115
110,321.515,319.336,305.776,295.307,0.606862,0.083115
111,321.516,319.338,305.777,295.307,0.606862,0.083115
111,321.516,319.338,305.777,295.307,0.606862,0.083115
115,321.521,319.342,305.779,295.307,0.606862,0.083115
115,321.521,319.342,305.779,295.307,0.606862,0.083115
116,321.523,319.343,305.78,295.307,0.606862,0.083115
116,321.523,319.343,305.78,295.307,0.606862,0.083115
120,321.528,319.348,305.782,295.307,0.606862,0.083115
120,321.528,319.348,305.782,295.307,0.606862,0.083115
121,321.529,319.349,305.783,295.307,0.606862,0.083115
121,321.529,319.349,305.783,295.307,0.606862,0.083115
125,321.534,319.354,305.785,295.307,0.606862,0.083115
125,321.534,319.354,305.785,295.307,0.606862,0.083115
126,321.536,319.355,305.785,295.307,0.606862,0.083115
126,321.536,319.355,305.785,295.307,0.606862,0.083115
130,321.541,319.36,305.788,295.307,0.606862,0.083115
130,321.541,319.36,305.788,295.307,0.606862,0.083115
131,321.542,319.361,305.788,295.307,0.606862,0.083115
131,321.542,319.361,305.788,295.307,0.606862,0.083115
135,321.548,319.366,305.791,295.307,0.606862,0.083115
135,321.548,319.366,305.791,295.307,0.606862,0.083115
136,321.549,319.367,305.791,295.307,0.606862,0.083115
136,321.549,319.367,305.791,295.307,0.606862,0.083115
140,321.554,319.372,305.794,295.307,0.606862,0.083115
140,321.554,319.372,305.794,295.307,0.606862,0.083115
141,321.555,319.373,305.794,295.307,0.606862,0.083115
141,321.555,319.373,305.794,295.307,0.606862,0.083115
145,321.561,319.378,305.796,295.307,0.606862,0.083115
145,321.561,319.378,305.796,295.307,0.606862,0.083115
146,321.562,319.379,305.797,295.307,0.606862,0.083115
146,321.562,319.379,305.797,295.307,0.606862,0.083115
150,321.567,319.383,305.799,295.307,0.606862,0.083115
150,321.567,319.383,305.799,295.307,0.606862,0.083115
151,321.569,319.385,305.8,295.307,0.606862,0.083115
151,321.569,319.385,305.8,295.307,0.606862,0.083115
155,321.574,319.389,305.802,295.307,0.606862,0.083115
155,321.574,319.389,305.802,295.307,0.606862,0.083115
156,321.575,319.39,305.803,295.307,0.606862,0.083115
156,321.575,319.39,305.803,295.307,0.606862,0.083115
160,321.58,319.395,305.805,295.307,0.606862,0.083115
160,321.58,319.395,305.805,295.307,0.606862,0.083115
161,321.582,319.396,305.806,295.307,0.606862,0.083115
161,321.582,319.396,305.806,295.307,0.606862,0.083115
165,321.587,319.401,305.808,295.307,0.606862,0.083115
165,321.587,319.401,305.808,295.307,0.606862,0.083115
166,321.588,319.402,305.809,295.307,0.606862,0.083115
166,321.588,319.402,305.809,295.307,0.606862,0.083115
170,321.593,319.407,305.811,295.307,0.606862,0.083115
170,321.593,319.407,305.811,295.307,0.606862,0.083115
171,321.595,319.408,305.811,295.307,0.606862,0.083115
171,321.595,319.408,305.811,295.307,0.606862,0.083115
175,321.6,319.413,305.814,295.307,0.606862,0.083115
175,321.6,319.413,305.814,295.307,0.606862,0.083115
176,321.601,319.414,305.814,295.307,0.606862,0.083115
176,321.601,319.414,305.814,295.307,0.606862,0.083115
180,321.607,319.419,305.817,295.307,0.606862,0.083115
180,321.607,319.419,305.817,295.307,0.606862,0.083115
181,321.608,319.42,305.817,295.307,0.606862,0.083115
181,321.608,319.42,305.817,295.307,0.606862,0.083115
185,321.613,319.425,305.819,295.307,0.606862,0.083115
185,321.613,319.425,305.819,295.307,0.606862,0.083115
186,321.614,319.426,305.82,295.307,0.606862,0.083115
186,321.614,319.426,305.82,295.307,0.606862,0.083115
190,321.62,319.43,305.822,295.307,0.606862,0.083115
190,321.62,319.43,305.822,295.307,0.606862,0.083115
191,321.621,319.432,305.823,295.307,0.606862,0.083115
191,321.621,319.432,305.823,295.307,0.606862,0.083115
195,321.626,319.436,305.825,295.307,0.606862,0.083115
195,321.626,319.436,305.825,295.307,0.606862,0.083115
196,321.628,319.437,305.826,295.307,0.606862,0.083115
196,321.628,319.437,305.826,295.307,0.606862,0.083115
200,321.633,319.442,305.828,295.307,0.606862,0.083115
200,321.633,319.442,305.828,295.307,0.606862,0.083115
201,321.634,319.443,305.829,295.307,0.606862,0.083115
201,321.634,319.443,305.829,295.307,0.606862,0.083115
205,321.639,319.448,305.831,295.307,0.606862,0.083115
205,321.639,319.448,305.831,295.307,0.606862,0.083115
206,321.641,319.449,305.832,295.307,0.606862,0.083115
206,321.641,319.449,305.832,295.307,0.606862,0.083115
210,321.646,319.454,305.834,295.307,0.606862,0.083115
210,321.646,319.454,305.834,295.307,0.606862,0.083115
211,321.647,319.455,305.834,295.307,0.606862,0.083115
211,321.647,319.455,305.834,295.307,0.606862,0.083115
215,321.652,319.46,305.837,295.307,0.606862,0.083115
215,321.652,319.46,305.837,295.307,0.606862,0.083115
216,321.654,319.461,305.837,295.307,0.606862,0.083115
216,321.654,319.461,305.837,295.307,0.606862,0.083115
220,321.659,319.466,305.84,295.307,0.606862,0.083115
220,321.659,319.466,305.84,295.307,0.606862,0.083115
221,321.66,319.467,305.84,295.307,0.606862,0.083115
221,321.66,319.467,305.84,295.307,0.606862,0.083115
225,321.666,319.472,305.842,295.307,0.606862,0.083115
225,321.666,319.472,305.842,295.307,0.606862,0.083115
226,321.667,319.473,305.843,295.307,0.606862,0.083115
226,321.667,319.473,305.843,295.307,0.606862,0.083115
230,321.672,319.477,305.845,295.307,0.606862,0.083115
230,321.672,319.477,305.845,295.307,0.606862,0.083115
231,321.673,319.479,305.846,295.307,0.606862,0.083115
231,321.673,319.479,305.846,295.307,0.606862,0.083115
235,321.679,319.483,305.848,295.307,0.606862,0.083115
235,321.679,319.483,305.848,295.307,0.606862,0.083115
236,321.68,319.484,305.849,295.307,0.606862,0.083115
236,321.68,319.484,305.849,295.307,0.606862,0.083115
240,321.685,319.489,305.851,295.307,0.606862,0.083115
240,321.685,319.489,305.851,295.307,0.606862,0.083115
241,321.687,319.49,305.852,295.307,0.606862,0.083115
241,321.687,319.49,305.852,295.307,0.606862,0.083115
245,321.692,319.495,305.854,295.307,0.606862,0.083115
245,321.692,319.495,305.854,295.307,0.606862,0.083115
246,321.693,319.496,305.855,295.307,0.606862,0.083115
246,321.693,319.496,305.855,295.307,0.606862,0.083115
250,321.698,319.501,305.857,295.307,0.606862,0.083115
250,321.698,319.501,305.857,295.307,0.606862,0.083115
251,321.7,319.502,305.857,295.307,0.606862,0.083115
251,321.7,319.502,305.857,295.307,0.606862,0.083115
255,321.705,319.507,305.86,295.307,0.606862,0.083115
255,321.705,319.507,305.86,295.307,0.606862,0.083115
256,321.706,319.508,305.86,295.307,0.606862,0.083115
256,321.706,319.508,305.86,295.307,0.606862,0.083115
260,321.711,319.513,305.863,295.307,0.606862,0.083115
260,321.711,319.513,305.863,295.307,0.606862,0.083115
261,321.713,319.514,305.863,295.307,0.606862,0.083115
261,321.713,319.514,305.863,295.307,0.606862,0.083115
265,321.718,319.518,305.865,295.307,0.606862,0.083115
265,321.718,319.518,305.865,295.307,0.606862,0.083115
266,321.719,319.52,305.866,295.307,0.606862,0.083115
266,321.719,319.52,305.866,295.307,0.606862,0.083115
270,321.725,319.524,305.868,295.307,0.606862,0.083115
270,321.725,319.524,305.868,295.307,0.606862,0.083115
271,321.726,319.526,305.869,295.307,0.606862,0.083115
271,321.726,319.526,305.869,295.307,0.606862,0.083115
275,321.731,319.53,305.871,295.307,0.606862,0.083115
275,321.731,319.53,305.871,295.307,0.606862,0.083115
276,321.732,319.531,305.872,295.307,0.606862,0.083115
276,321.732,319.531,305.872,295.307,0.606862,0.083115
280,321.738,319.536,305.874,295.307,0.606862,0.083115
280,321.738,319.536,305.874,295.307,0.606862,0.083115
281,321.739,319.537,305.875,295.307,0.606862,0.083115
281,321.739,319.537,305.875,295.307,0.606862,0.083115
285,321.744,319.542,305.877,295.307,0.606862,0.083115
285,321.744,319.542,305.877,295.307,0.606862,0.083115
286,321.746,319.543,305.878,295.307,0.606862,0.083115
286,321.746,319.543,305.878,295.307,0.606862,0.083115
290,321.751,319.548,305.88,295.307,0.606862,0.083115
290,321.751,319.548,305.88,295.307,0.606862,0.083115
291,321.752,319.549,305.88,295.307,0.606862,0.083115
291,321.752,319.549,305.88,295.307,0.606862,0.083115
295,321.757,319.554,305.883,295.307,0.606862,0.083115
295,321.757,319.554,305.883,295.307,0.606862,0.083115
296,321.759,319.555,305.883,295.307,0.606862,0.083115
296,321.759,319.555,305.883,295.307,0.606862,0.083115
300,321.764,319.56,305.886,295.307,0.606862,0.083115
300,321.764,319.56,305.886,295.307,0.606862,0.083115
301,321.765,319.561,305.886,295.307,0.606862,0.083115
301,321.765,319.561,305.886,295.307,0.606862,0.083115
305,321.77,319.565,305.889,295.307,0.606862,0.083115
305,321.77,319.565,305.889,295.307,0.606862,0.083115
306,321.772,319.567,305.889,295.307,0.606862,0.083115
306,321.772,319.567,305.889,295.307,0.606862,0.083115
310,321.777,319.571,305.891,295.307,0.606862,0.083115
310,321.777,319.571,305.891,295.307,0.606862,0.083115
311,321.778,319.573,305.892,295.307,0.606862,0.083115
311,321.778,319.573,305.892,295.307,0.606862,0.083115
315,321.784,319.577,305.894,295.307,0.606862,0.083115
315,321.784,319.577,305.894,295.307,0.606862,0.083115
316,321.785,319.578,305.895,295.307,0.606862,0.083115
316,321.785,319.578,305.895,295.307,0.606862,0.083115
320,321.79,319.583,305.897,295.307,0.606862,0.083115
320,321.79,319.583,305.897,295.307,0.606862,0.083115
321,321.791,319.584,305.898,295.307,0.606862,0.083115
321,321.791,319.584,305.898,295.307,0.606862,0.083115
325,321.797,319.589,305.9,295.307,0.606862,0.083115
325,321.797,319.589,305.9,295.307,0.606862,0.083115
326,321.798,319.59,305.901,295.307,0.606862,0.083115
326,321.798,319.59,305.901,295.307,0.606862,0.083115
330,321.803,319.595,305.903,295.307,0.606862,0.083115
330,321.803,319.595,305.903,295.307,0.606862,0.083115
331,321.805,319.596,305.903,295.307,0.606862,0.083115
331,321.805,319.596,305.903,295.307,0.606862,0.083115
335,321.81,319.601,305.906,295.307,0.606862,0.083115
335,321.81,319.601,305.906,295.307,0.606862,0.083115
336,321.811,319.602,305.906,295.307,0.606862,0.083115
336,321.811,319.602,305.906,295.307,0.606862,0.083115
340,321.816,319.607,305.909,295.307,0.606862,0.083115
340,321.816,319.607,305.909,295.307,0.606862,0.083115
341,321.818,319.608,305.909,295.307,0.606862,0.083115
341,321.818,319.608,305.909,295.307,0.606862,0.083115
345,321.823,319.612,305.912,295.307,0.606862,0.083115
345,321.823,319.612,305.912,295.307,0.606862,0.083115
346,321.824,319.614,305.912,295.307,0.606862,0.083115
346,321.824,319.614,305.912,295.307,0.606862,0.083115
350,321.829,319.618,305.914,295.307,0.606862,0.083115
350,321.829,319.618,305.914,295.307,0.606862,0.083115
351,321.831,319.619,305.915,295.307,0.606862,0.083115
351,321.831,319.619,305.915,295.307,0.606862,0.083115
355,321.836,319.624,305.917,295.307,0.606862,0.083115
355,321.836,319.624,305.917,295.307,0.606862,0.083115
356,321.837,319.625,305.918,295.307,0.606862,0.083115
356,321.837,319.625,305.918,295.307,0.606862,0.083115
360,321.843,319.63,305.92,295.307,0.606862,0.083115
360,321.843,319.63,305.92,295.307,0.606862,0.083115
361,321.844,319.631,305.921,295.307,0.606862,0.083115
361,321.844,319.631,305.921,295.307,0.606862,0.083115
365,321.849,319.636,305.923,295.307,0.606862,0.083115
365,321.849,319.636,305.923,295.307,0.606862,0.083115
366,321.85,319.637,305.924,295.307,0.606862,0.083115
366,321.85,319.637,305.924,295.307,0.606862,0.083115
370,321.856,319.642,305.926,295.307,0.606862,0.083115
370,321.856,319.642,305.926,295.307,0.606862,0.083115
371,321.857,319.643,305.926,295.307,0.606862,0.083115
371,321.857,319.643,305.926,295.307,0.606862,0.083115
375,321.862,319.648,305.929,295.307,0.606862,0.083115
375,321.862,319.648,305.929,295.307,0.606862,0.083115
376,321.864,319.649,305.929,295.307,0.606862,0.083115
376,321.864,319.649,305.929,295.307,0.606862,0.083115
380,321.869,319.654,305.932,295.307,0.606862,0.083115
380,321.869,319.654,305.932,295.307,0.606862,0.083115
381,321.87,319.655,305.932,295.307,0.606862,0.083115
381,321.87,319.655,305.932,295.307,0.606862,0.083115
385,321.875,319.659,305.935,295.307,0.606862,0.083115
385,321.875,319.659,305.935,295.307,0.606862,0.083115
386,321.877,319.661,305.935,295.307,0.606862,0.083115
386,321.877,319.661,305.935,295.307,0.606862,0.083115
390,321.882,319.665,305.937,295.307,0.606862,0.083115
390,321.882,319.665,305.937,295.307,0.606862,0.083115
391,321.883,319.666,305.938,295.307,0.606862,0.083115
391,321.883,319.666,305.938,295.307,0.606862,0.083115
395,321.888,319.671,305.94,295.307,0.606862,0.083115
395,321.888,319.671,305.94,295.307,0.606862,0.083115
396,321.89,319.672,305.941,295.307,0.606862,0.083115
396,321.89,319.672,305.941,295.307,0.606862,0.083115
400,321.895,319.677,305.943,295.307,0.606862,0.083115
400,321.895,319.677,305.943,295.307,0.606862,0.083115
401,321.896,319.678,305.944,295.307,0.606862,0.083115
401,321.896,319.678,305.944,295.307,0.606862,0.083115
405,321.902,319.683,305.946,295.307,0.606862,0.083115
405,321.902,319.683,305.946,295.307,0.606862,0.083115
406,321.903,319.684,305.947,295.307,0.606862,0.083115
406,321.903,319.684,305.947,295.307,0.606862,0.083115
410,321.908,319.689,305.949,295.307,0.606862,0.083115
410,321.908,319.689,305.949,295.307,0.606862,0.083115
411,321.909,319.69,305.95,295.307,0.606862,0.083115
411,321.909,319.69,305.95,295.307,0.606862,0.083115
415,321.915,319.695,305.952,295.307,0.606862,0.083115
415,321.915,319.695,305.952,295.307,0.606862,0.083115
416,321.916,319.696,305.952,295.307,0.606862,0.083115
416,321.916,319.696,305.952,295.307,0.606862,0.083115
420,321.921,319.7,305.955,295.307,0.606862,0.083115
420,321.921,319.7,305.955,295.307,0.606862,0.083115
421,321.923,319.702,305.955,295.307,0.606862,0.083115
421,321.923,319.702,305.955,295.307,0.606862,0.083115
425,321.928,319.706,305.958,295.307,0.606862,0.083115
425,321.928,319.706,305.958,295.307,0.606862,0.083115
426,321.929,319.708,305.958,295.307,0.606862,0.083115
426,321.929,319.708,305.958,295.307,0.606862,0.083115
430,321.934,319.712,305.96,295.307,0.606862,0.083115
430,321.934,319.712,305.96,295.307,0.606862,0.083115
431,321.936,319.713,305.961,295.307,0.606862,0.083115
431,321.936,319.713,305.961,295.307,0.606862,0.083115
435,321.941,319.718,305.963,295.307,0.606862,0.083115
435,321.941,319.718,305.963,295.307,0.606862,0.083115
436,321.942,319.719,305.964,295.307,0.606862,0.083115
436,321.942,319.719,305.964,295.307,0.606862,0.083115
440,321.947,319.724,305.966,295.307,0.606862,0.083115
440,321.947,319.724,305.966,295.307,0.606862,0.083115
441,321.949,319.725,305.967,295.307,0.606862,0.083115
441,321.949,319.725,305.967,295.307,0.606862,0.083115
445,321.954,319.73,305.969,295.307,0.606862,0.083115
445,321.954,319.73,305.969,295.307,0.606862,0.083115
446,321.955,319.731,305.97,295.307,0.606862,0.083115
446,321.955,319.731,305.97,295.307,0.606862,0.083115
450,321.961,319.736,305.972,295.307,0.606862,0.083115
450,321.961,319.736,305.972,295.307,0.606862,0.083115
451,321.962,319.737,305.973,295.307,0.606862,0.083115
451,321.962,319.737,305.973,295.307,0.606862,0.083115
455,321.967,319.742,305.975,295.307,0.606862,0.083115
455,321.967,319.742,305.975,295.307,0.606862,0.083115
456,321.968,319.743,305.975,295.307,0.606862,0.083115
456,321.968,319.743,305.975,295.307,0.606862,0.083115
460,321.974,319.747,305.978,295.307,0.606862,0.083115
460,321.974,319.747,305.978,295.307,0.606862,0.083115
461,321.975,319.749,305.978,295.307,0.606862,0.083115
461,321.975,319.749,305.978,295.307,0.606862,0.083115
465,321.98,319.753,305.981,295.307,0.606862,0.083115
465,321.98,319.753,305.981,295.307,0.606862,0.083115
466,321.982,319.754,305.981,295.307,0.606862,0.083115
466,321.982,319.754,305.981,295.307,0.606862,0.083115
470,321.987,319.759,305.983,295.307,0.606862,0.083115
470,321.987,319.759,305.983,295.307,0.606862,0.083115
471,321.988,319.76,305.984,295.307,0.606862,0.083115
471,321.988,319.76,305.984,295.307,0.606862,0.083115
475,321.993,319.765,305.986,295.307,0.606862,0.083115
475,321.993,319.765,305.986,295.307,0.606862,0.083115
476,321.995,319.766,305.987,295.307,0.606862,0.083115
476,321.995,319.766,305.987,295.307,0.606862,0.083115
480,322,319.771,305.989,295.307,0.606862,0.083115
480,322,319.771,305.989,295.307,0.606862,0.083115
481,322.001,319.772,305.99,295.307,0.606862,0.083115
481,322.001,319.772,305.99,295.307,0.606862,0.083115
485,322.006,319.777,305.992,295.307,0.606862,0.083115
485,322.006,319.777,305.992,295.307,0.606862,0.083115
486,322.008,319.778,305.993,295.307,0.606862,0.083115
486,322.008,319.778,305.993,295.307,0.606862,0.083115
490,322.013,319.783,305.995,295.307,0.606862,0.083115
490,322.013,319.783,305.995,295.307,0.606862,0.083115
491,322.014,319.784,305.996,295.307,0.606862,0.083115
491,322.014,319.784,305.996,295.307,0.606862,0.083115
495,322.02,319.789,305.998,295.307,0.606862,0.083115
495,322.02,319.789,305.998,295.307,0.606862,0.083115
496,322.021,319.79,305.998,295.307,0.606862,0.083115
496,322.021,319.79,305.998,295.307,0.606862,0.083115
500,322.026,319.794,306.001,295.307,0.606862,0.083115
500,322.026,319.794,306.001,295.307,0.606862,0.083115
501,322.027,319.796,306.001,295.307,0.606862,0.083115
501,322.027,319.796,306.001,295.307,0.606862,0.083115
505,322.033,319.8,306.004,295.307,0.606862,0.083115
505,322.033,319.8,306.004,295.307,0.606862,0.083115
506,322.034,319.801,306.004,295.307,0.606862,0.083115
506,322.034,319.801,306.004,295.307,0.606862,0.083115
510,322.039,319.806,306.006,295.307,0.606862,0.083115
510,322.039,319.806,306.006,295.307,0.606862,0.083115
511,322.041,319.807,306.007,295.307,0.606862,0.083115
511,322.041,319.807,306.007,295.307,0.606862,0.083115
515,322.046,319.812,306.009,295.307,0.606862,0.083115
515,322.046,319.812,306.009,295.307,0.606862,0.083115
516,322.047,319.813,306.01,295.307,0.606862,0.083115
516,322.047,319.813,306.01,295.307,0.606862,0.083115
520,322.052,319.818,306.012,295.307,0.606862,0.083115
520,322.052,319.818,306.012,295.307,0.606862,0.083115
521,322.054,319.819,306.013,295.307,0.606862,0.083115
521,322.054,319.819,306.013,295.307,0.606862,0.083115
525,322.059,319.824,306.015,295.307,0.606862,0.083115
525,322.059,319.824,306.015,295.307,0.606862,0.083115
526,322.06,319.825,306.016,295.307,0.606862,0.083115
526,322.06,319.825,306.016,295.307,0.606862,0.083115
530,322.065,319.83,306.018,295.307,0.606862,0.083115
530,322.065,319.83,306.018,295.307,0.606862,0.083115
531,322.067,319.831,306.019,295.307,0.606862,0.083115
531,322.067,319.831,306.019,295.307,0.606862,0.083115
535,322.072,319.835,306.021,295.307,0.606862,0.083115
535,322.072,319.835,306.021,295.307,0.606862,0.083115
536,322.073,319.837,306.021,295.307,0.606862,0.083115
536,322.073,319.837,306.021,295.307,0.606862,0.083115
540,322.079,319.841,306.024,295.307,0.606862,0.083115
540,322.079,319.841,306.024,295.307,0.606862,0.083115
541,322.08,319.842,306.024,295.307,0.606862,0.083115
541,322.08,319.842,306.024,295.307,0.606862,0.083115
545,322.085,319.847,306.027,295.307,0.606862,0.083115
545,322.085,319.847,306.027,295.307,0.606862,0.083115
546,322.086,319.848,306.027,295.307,0.606862,0.083115
546,322.086,319.848,306.027,295.307,0.606862,0.083115
550,322.092,319.853,306.029,295.307,0.606862,0.083115
550,322.092,319.853,306.029,295.307,0.606862,0.083115
551,322.093,319.854,306.03,295.307,0.606862,0.083115
551,322.093,319.854,306.03,295.307,0.606862,0.083115
555,322.098,319.859,306.032,295.307,0.606862,0.083115
555,322.098,319.859,306.032,295.307,0.606862,0.083115
556,322.1,319.86,306.033,295.307,0.606862,0.083115
556,322.1,319.86,306.033,295.307,0.606862,0.083115
560,322.105,319.865,306.035,295.307,0.606862,0.083115
560,322.105,319.865,306.035,295.307,0.606862,0.083115
561,322.106,319.866,306.036,295.307,0.606862,0.083115
561,322.106,319.866,306.036,295.307,0.606862,0.083115
565,322.111,319.871,306.038,295.307,0.606862,0.083115
565,322.111,319.871,306.038,295.307,0.606862,0.083115
566,322.113,319.872,306.039,295.307,0.606862,0.083115
566,322.113,319.872,306.039,295.307,0.606862,0.083115
570,322.118,319.877,306.041,295.307,0.606862,0.083115
570,322.118,319.877,306.041,295.307,0.606862,0.083115
571,322.119,319.878,306.042,295.307,0.606862,0.083115
571,322.119,319.878,306.042,295.307,0.606862,0.083115
575,322.124,319.882,306.044,295.307,0.606862,0.083115
575,322.124,319.882,306.044,295.307,0.606862,0.083115
576,322.126,319.884,306.044,295.307,0.606862,0.083115
576,322.126,319.884,306.044,295.307,0.606862,0.083115
580,322.131,319.888,306.047,295.307,0.606862,0.083115
580,322.131,319.888,306.047,295.307,0.606862,0.083115
581,322.132,319.889,306.047,295.307,0.606862,0.083115
581,322.132,319.889,306.047,295.307,0.606862,0.083115
585,322.138,319.894,306.05,295.307,0.606862,0.083115
585,322.138,319.894,306.05,295.307,0.606862,0.083115
586,322.139,319.895,306.05,295.307,0.606862,0.083115
586,322.139,319.895,306.05,295.307,0.606862,0.083115
590,322.144,319.9,306.052,295.307,0.606862,0.083115
590,322.144,319.9,306.052,295.307,0.606862,0.083115
591,322.145,319.901,306.053,295.307,0.606862,0.083115
591,322.145,319.901,306.053,295.307,0.606862,0.083115
595,322.151,319.906,306.055,295.307,0.606862,0.083115
595,322.151,319.906,306.055,295.307,0.606862,0.083115
596,322.152,319.907,306.056,295.307,0.606862,0.083115
596,322.152,319.907,306.056,295.307,0.606862,0.083115
600,322.157,319.912,306.058,295.307,0.606862,0.083115
600,322.157,319.912,306.058,295.307,0.606862,0.083115
601,322.159,319.913,306.059,295.307,0.606862,0.083115
601,322.159,319.913,306.059,295.307,0.606862,0.083115
605,322.164,319.918,306.061,295.307,0.606862,0.083115
605,322.164,319.918,306.061,295.307,0.606862,0.083115
606,322.165,319.919,306.062,295.307,0.606862,0.083115
606,322.165,319.919,306.062,295.307,0.606862,0.083115
610,322.17,319.923,306.064,295.307,0.606862,0.083115
610,322.17,319.923,306.064,295.307,0.606862,0.083115
611,322.172,319.925,306.065,295.307,0.606862,0.083115
611,322.172,319.925,306.065,295.307,0.606862,0.083115
615,322.177,319.929,306.067,295.307,0.606862,0.083115
615,322.177,319.929,306.067,295.307,0.606862,0.083115
616,322.178,319.931,306.067,295.307,0.606862,0.083115
616,322.178,319.931,306.067,295.307,0.606862,0.083115
620,322.183,319.935,306.07,295.307,0.606862,0.083115
620,322.183,319.935,306.07,295.307,0.606862,0.083115
621,322.185,319.936,306.07,295.307,0.606862,0.083115
621,322.185,319.936,306.07,295.307,0.606862,0.083115
625,322.19,319.941,306.073,295.307,0.606862,0.083115
625,322.19,319.941,306.073,295.307,0.606862,0.083115
626,322.191,319.942,306.073,295.307,0.606862,0.083115
626,322.191,319.942,306.073,295.307,0.606862,0.083115
630,322.197,319.947,306.075,295.307,0.606862,0.083115
630,322.197,319.947,306.075,295.307,0.606862,0.083115
631,322.198,319.948,306.076,295.307,0.606862,0.083115
631,322.198,319.948,306.076,295.307,0.606862,0.083115
635,322.203,319.953,306.078,295.307,0.606862,0.083115
635,322.203,319.953,306.078,295.307,0.606862,0.083115
636,322.204,319.954,306.079,295.307,0.606862,0.083115
636,322.204,319.954,306.079,295.307,0.606862,0.083115
640,322.21,319.959,306.081,295.307,0.606862,0.083115
640,322.21,319.959,306.081,295.307,0.606862,0.083115
641,322.211,319.96,306.082,295.307,0.606862,0.083115
641,322.211,319.96,306.082,295.307,0.606862,0.083115
645,322.216,319.965,306.084,295.307,0.606862,0.083115
645,322.216,319.965,306.084,295.307,0.606862,0.083115
646,322.218,319.966,306.085,295.307,0.606862,0.083115
646,322.218,319.966,306.085,295.307,0.606862,0.083115
650,322.223,319.97,306.087,295.307,0.606862,0.083115
650,322.223,319.97,306.087,295.307,0.606862,0.083115
651,322.224,319.972,306.088,295.307,0.606862,0.083115
651,322.224,319.972,306.088,295.307,0.606862,0.083115
655,322.229,319.976,306.09,295.307,0.606862,0.083115
655,322.229,319.976,306.09,295.307,0.606862,0.083115
656,322.231,319.977,306.09,295.307,0.606862,0.083115
656,322.231,319.977,306.09,295.307,0.606862,0.083115
660,322.236,319.982,306.093,295.307,0.606862,0.083115
660,322.236,319.982,306.093,295.307,0.606862,0.083115
661,322.237,319.983,306.093,295.307,0.606862,0.083115
661,322.237,319.983,306.093,295.307,0.606862,0.083115
665,322.242,319.988,306.096,295.307,0.606862,0.083115
665,322.242,319.988,306.096,295.307,0.606862,0.083115
666,322.244,319.989,306.096,295.307,0.606862,0.083115
666,322.244,319.989,306.096,295.307,0.606862,0.083115
670,322.249,319.994,306.098,295.307,0.606862,0.083115
670,322.249,319.994,306.098,295.307,0.606862,0.083115
671,322.25,319.995,306.099,295.307,0.606862,0.083115
671,322.25,319.995,306.099,295.307,0.606862,0.083115
675,322.256,320,306.101,295.307,0.606862,0.083115
675,322.256,320,306.101,295.307,0.606862,0.083115
676,322.257,320.001,306.102,295.307,0.606862,0.083115
676,322.257,320.001,306.102,295.307,0.606862,0.083115
680,322.262,320.006,306.104,295.307,0.606862,0.083115
680,322.262,320.006,306.104,295.307,0.606862,0.083115
681,322.263,320.007,306.105,295.307,0.606862,0.083115
681,322.263,320.007,306.105,295.307,0.606862,0.083115
685,322.269,320.011,306.107,295.307,0.606862,0.083115
685,322.269,320.011,306.107,295.307,0.606862,0.083115
686,322.27,320.013,306.108,295.307,0.606862,0.083115
686,322.27,320.013,306.108,295.307,0.606862,0.083115
690,322.275,320.017,306.11,295.307,0.606862,0.083115
690,322.275,320.017,306.11,295.307,0.606862,0.083115
691,322.277,320.019,306.11,295.307,0.606862,0.083115
691,322.277,320.019,306.11,295.307,0.606862,0.083115
695,322.282,320.023,306.113,295.307,0.606862,0.083115
695,322.282,320.023,306.113,295.307,0.606862,0.083115
696,322.283,320.024,306.113,295.307,0.606862,0.083115
696,322.283,320.024,306.113,295.307,0.606862,0.083115
700,322.288,320.029,306.116,295.307,0.606862,0.083115
700,322.288,320.029,306.116,295.307,0.606862,0.083115
701,322.29,320.03,306.116,295.307,0.606862,0.083115
701,322.29,320.03,306.116,295.307,0.606862,0.083115
705,322.295,320.035,306.119,295.307,0.606862,0.083115
705,322.295,320.035,306.119,295.307,0.606862,0.083115
706,322.296,320.036,306.119,295.307,0.606862,0.083115
706,322.296,320.036,306.119,295.307,0.606862,0.083115
710,322.301,320.041,306.121,295.307,0.606862,0.083115
710,322.301,320.041,306.121,295.307,0.606862,0.083115
711,322.303,320.042,306.122,295.307,0.606862,0.083115
711,322.303,320.042,306.122,295.307,0.606862,0.083115
715,322.308,320.047,306.124,295.307,0.606862,0.083115
715,322.308,320.047,306.124,295.307,0.606862,0.083115
716,322.309,320.048,306.125,295.307,0.606862,0.083115
716,322.309,320.048,306.125,295.307,0.606862,0.083115
720,322.315,320.053,306.127,295.307,0.606862,0.083115
720,322.315,320.053,306.127,295.307,0.606862,0.083115
721,322.316,320.054,306.128,295.307,0.606862,0.083115
721,322.316,320.054,306.128,295.307,0.606862,0.083115
725,322.321,320.058,306.13,295.307,0.606862,0.083115
725,322.321,320.058,306.13,295.307,0.606862,0.083115
726,322.322,320.06,306.131,295.307,0.606862,0.083115
726,322.322,320.06,306.131,295.307,0.606862,0.083115
730,322.328,320.064,306.133,295.307,0.606862,0.083115
730,322.328,320.064,306.133,295.307,0.606862,0.083115
731,322.329,320.065,306.133,295.307,0.606862,0.083115
731,322.329,320.065,306.133,295.307,0.606862,0.083115
735,322.334,320.07,306.136,295.307,0.606862,0.083115
735,322.334,320.07,306.136,295.307,0.606862,0.083115
736,322.336,320.071,306.136,295.307,0.606862,0.083115
736,322.336,320.071,306.136,295.307,0.606862,0.083115
740,322.341,320.076,306.139,295.307,0.606862,0.083115
740,322.341,320.076,306.139,295.307,0.606862,0.083115
741,322.342,320.077,306.139,295.307,0.606862,0.083115
741,322.342,320.077,306.139,295.307,0.606862,0.083115
745,322.347,320.082,306.142,295.307,0.606862,0.083115
745,322.347,320.082,306.142,295.307,0.606862,0.083115
746,322.349,320.083,306.142,295.307,0.606862,0.083115
746,322.349,320.083,306.142,295.307,0.606862,0.083115
750,322.354,320.088,306.144,295.307,0.606862,0.083115
750,322.354,320.088,306.144,295.307,0.606862,0.083115
751,322.355,320.089,306.145,295.307,0.606862,0.083115
751,322.355,320.089,306.145,295.307,0.606862,0.083115
755,322.36,320.094,306.147,295.307,0.606862,0.083115
755,322.36,320.094,306.147,295.307,0.606862,0.083115
756,322.362,320.095,306.148,295.307,0.606862,0.083115
756,322.362,320.095,306.148,295.307,0.606862,0.083115
760,322.367,320.099,306.15,295.307,0.606862,0.083115
760,322.367,320.099,306.15,295.307,0.606862,0.083115
761,322.368,320.101,306.151,295.307,0.606862,0.083115
761,322.368,320.101,306.151,295.307,0.606862,0.083115
765,322.374,320.105,306.153,295.307,0.606862,0.083115
765,322.374,320.105,306.153,295.307,0.606862,0.083115
766,322.375,320.106,306.154,295.307,0.606862,0.083115
766,322.375,320.106,306.154,295.307,0.606862,0.083115
770,322.38,320.111,306.156,295.307,0.606862,0.083115
770,322.38,320.111,306.156,295.307,0.606862,0.083115
771,322.381,320.112,306.156,295.307,0.606862,0.083115
771,322.381,320.112,306.156,295.307,0.606862,0.083115
775,322.387,320.117,306.159,295.307,0.606862,0.083115
775,322.387,320.117,306.159,295.307,0.606862,0.083115
776,322.388,320.118,306.159,295.307,0.606862,0.083115
776,322.388,320.118,306.159,295.307,0.606862,0.083115
780,322.393,320.123,306.162,295.307,0.606862,0.083115
780,322.393,320.123,306.162,295.307,0.606862,0.083115
781,322.395,320.124,306.162,295.307,0.606862,0.083115
781,322.395,320.124,306.162,295.307,0.606862,0.083115
785,322.4,320.129,306.164,295.307,0.606862,0.083115
785,322.4,320.129,306.164,295.307,0.606862,0.083115
786,322.401,320.13,306.165,295.307,0.606862,0.083115
786,322.401,320.13,306.165,295.307,0.606862,0.083115
790,322.406,320.135,306.167,295.307,0.606862,0.083115
790,322.406,320.135,306.167,295.307,0.606862,0.083115
791,322.408,320.136,306.168,295.307,0.606862,0.083115
791,322.408,320.136,306.168,295.307,0.606862,0.083115
795,322.413,320.141,306.17,295.307,0.606862,0.083115
795,322.413,320.141,306.17,295.307,0.606862,0.083115
796,322.414,320.142,306.171,295.307,0.606862,0.083115
796,322.414,320.142,306.171,295.307,0.606862,0.083115
800,322.419,320.146,306.173,295.307,0.606862,0.083115
800,322.419,320.146,306.173,295.307,0.606862,0.083115
801,322.421,320.148,306.174,295.307,0.606862,0.083115
801,322.421,320.148,306.174,295.307,0.606862,0.083115
805,322.426,320.152,306.176,295.307,0.606862,0.083115
805,322.426,320.152,306.176,295.307,0.606862,0.083115
806,322.427,320.153,306.177,295.307,0.606862,0.083115
806,322.427,320.153,306.177,295.307,0.606862,0.083115
810,322.433,320.158,306.179,295.307,0.606862,0.083115
810,322.433,320.158,306.179,295.307,0.606862,0.083115
811,322.434,320.159,306.179,295.307,0.606862,0.083115
811,322.434,320.159,306.179,295.307,0.606862,0.083115
815,322.439,320.164,306.182,295.307,0.606862,0.083115
815,322.439,320.164,306.182,295.307,0.606862,0.083115
816,322.44,320.165,306.182,295.307,0.606862,0.083115
816,322.44,320.165,306.182,295.307,0.606862,0.083115
820,322.446,320.17,306.185,295.307,0.606862,0.083115
820,322.446,320.17,306.185,295.307,0.606862,0.083115
821,322.447,320.171,306.185,295.307,0.606862,0.083115
821,322.447,320.171,306.185,295.307,0.606862,0.083115
825,322.452,320.176,306.187,295.307,0.606862,0.083115
825,322.452,320.176,306.187,295.307,0.606862,0.083115
826,322.454,320.177,306.188,295.307,0.606862,0.083115
826,322.454,320.177,306.188,295.307,0.606862,0.083115
830,322.459,320.182,306.19,295.307,0.606862,0.083115
830,322.459,320.182,306.19,295.307,0.606862,0.083115
831,322.46,320.183,306.191,295.307,0.606862,0.083115
831,322.46,320.183,306.191,295.307,0.606862,0.083115
835,322.465,320.187,306.193,295.307,0.606862,0.083115
835,322.465,320.187,306.193,295.307,0.606862,0.083115
836,322.467,320.189,306.194,295.307,0.606862,0.083115
836,322.467,320.189,306.194,295.307,0.606862,0.083115
840,322.472,320.193,306.196,295.307,0.606862,0.083115
840,322.472,320.193,306.196,295.307,0.606862,0.083115
841,322.473,320.194,306.197,295.307,0.606862,0.083115
841,322.473,320.194,306.197,295.307,0.606862,0.083115
845,322.478,320.199,306.199,295.307,0.606862,0.083115
845,322.478,320.199,306.199,295.307,0.606862,0.083115
846,322.48,320.2,306.2,295.307,0.606862,0.083115
846,322.48,320.2,306.2,295.307,0.606862,0.083115
850,322.485,320.205,306.202,295.307,0.606862,0.083115
850,322.485,320.205,306.202,295.307,0.606862,0.083115
851,322.486,320.206,306.202,295.307,0.606862,0.083115
851,322.486,320.206,306.202,295.307,0.606862,0.083115
855,322.492,320.211,306.205,295.307,0.606862,0.083115
855,322.492,320.211,306.205,295.307,0.606862,0.083115
856,322.493,320.212,306.205,295.307,0.606862,0.083115
856,322.493,320.212,306.205,295.307,0.606862,0.083115
860,322.498,320.217,306.208,295.307,0.606862,0.083115
860,322.498,320.217,306.208,295.307,0.606862,0.083115
861,322.499,320.218,306.208,295.307,0.606862,0.083115
861,322.499,320.218,306.208,295.307,0.606862,0.083115
865,322.505,320.223,306.21,295.307,0.606862,0.083115
865,322.505,320.223,306.21,295.307,0.606862,0.083115
865,322.505,320.223,306.21,295.307,0.606862,0.083115
865,322.505,320.223,306.21,295.307,0.606862,0.083115
866,322.506,320.228,306.217,295.307,0.609907,0.083115
866,322.506,320.228,306.217,295.307,0.609907,0.083115
870,322.511,320.255,306.293,295.307,0.622087,0.083115
870,322.511,320.255,306.293,295.307,0.622087,0.083115
871,322.513,320.262,306.315,295.307,0.625132,0.083115
871,322.513,320.262,306.315,295.307,0.625132,0.083115
875,322.518,320.291,306.401,295.307,0.637311,0.083115
875,322.518,320.291,306.401,295.307,0.637311,0.083115
876,322.519,320.297,306.422,295.307,0.640356,0.083115
876,322.519,320.297,306.422,295.307,0.640356,0.083115
880,322.524,320.325,306.505,295.307,0.652536,0.083115
880,322.524,320.325,306.505,295.307,0.652536,0.083115
881,322.526,320.332,306.526,295.307,0.655581,0.083115
881,322.526,320.332,306.526,295.307,0.655581,0.083115
885,322.531,320.358,306.607,295.307,0.667761,0.083115
885,322.531,320.358,306.607,295.307,0.667761,0.083115
886,322.532,320.365,306.627,295.307,0.670806,0.083115
886,322.532,320.365,306.627,295.307,0.670806,0.083115
890,322.537,320.391,306.706,295.307,0.682985,0.083115
890,322.537,320.391,306.706,295.307,0.682985,0.083115
891,322.539,320.397,306.726,295.307,0.68603,0.083115
891,322.539,320.397,306.726,295.307,0.68603,0.083115
895,322.544,320.423,306.803,295.307,0.69821,0.083115
895,322.544,320.423,306.803,295.307,0.69821,0.083115
896,322.545,320.429,306.822,295.307,0.701255,0.083115
896,322.545,320.429,306.822,295.307,0.701255,0.083115
900,322.551,320.454,306.897,295.307,0.713434,0.083115
900,322.551,320.454,306.897,295.307,0.713434,0.083115
901,322.552,320.46,306.916,295.307,0.71648,0.083115
901,322.552,320.46,306.916,295.307,0.71648,0.083115
905,322.557,320.485,306.99,295.307,0.728659,0.083115
905,322.557,320.485,306.99,295.307,0.728659,0.083115
906,322.558,320.491,307.008,295.307,0.731704,0.083115
906,322.558,320.491,307.008,295.307,0.731704,0.083115
910,322.564,320.515,307.08,295.307,0.743884,0.083115
910,322.564,320.515,307.08,295.307,0.743884,0.083115
910,322.564,320.515,307.08,295.307,0.743884,0.083115
910,322.564,320.515,307.08,295.307,0.743884,0.083115
911,322.697,320.631,307.121,295.307,0.746929,0.083115
911,322.697,320.631,307.121,295.307,0.746929,0.083115
915,323.228,321.128,307.399,295.307,0.759108,0.083115
915,323.228,321.128,307.399,295.307,0.759108,0.083115
916,323.361,321.254,307.479,295.307,0.762154,0.083115
916,323.361,321.254,307.479,295.307,0.762154,0.083115
920,323.893,321.755,307.791,295.307,0.774333,0.083115
920,323.893,321.755,307.791,295.307,0.774333,0.083115
921,324.026,321.881,307.868,295.307,0.777378,0.083115
921,324.026,321.881,307.868,295.307,0.777378,0.083115
925,324.558,322.382,308.177,295.307,0.789558,0.083115
925,324.558,322.382,308.177,295.307,0.789558,0.083115
926,324.69,322.508,308.254,295.307,0.792603,0.083115
926,324.69,322.508,308.254,295.307,0.792603,0.083115
930,325.222,323.01,308.561,295.307,0.804782,0.083115
930,325.222,323.01,308.561,295.307,0.804782,0.083115
931,325.355,323.135,308.637,295.307,0.807827,0.083115
931,325.355,323.135,308.637,295.307,0.807827,0.083115
935,325.887,323.637,308.941,295.307,0.820007,0.083115
935,325.887,323.637,308.941,295.307,0.820007,0.083115
936,326.02,323.763,309.017,295.307,0.823052,0.083115
936,326.02,323.763,309.017,295.307,0.823052,0.083115
940,326.551,324.265,309.318,295.307,0.835231,0.083115
940,326.551,324.265,309.318,295.307,0.835231,0.083115
941,326.684,324.391,309.393,295.307,0.838277,0.083115
941,326.684,324.391,309.393,295.307,0.838277,0.083115
945,327.216,324.893,309.692,295.307,0.850456,0.083115
945,327.216,324.893,309.692,295.307,0.850456,0.083115
946,327.349,325.019,309.766,295.307,0.853501,0.083115
946,327.349,325.019,309.766,295.307,0.853501,0.083115
950,327.881,325.522,310.061,295.307,0.865681,0.083115
950,327.881,325.522,310.061,295.307,0.865681,0.083115
951,328.013,325.648,310.134,295.307,0.868726,0.083115
951,328.013,325.648,310.134,295.307,0.868726,0.083115
955,328.545,326.15,310.426,295.307,0.880905,0.083115
955,328.545,326.15,310.426,295.307,0.880905,0.083115
956,328.678,326.276,310.498,295.307,0.883951,0.083115
956,328.678,326.276,310.498,295.307,0.883951,0.083115
960,329.21,326.779,310.785,295.307,0.89613,0.083115
960,329.21,326.779,310.785,295.307,0.89613,0.083115
960,329.21,326.779,310.785,295.307,0.89613,0.083115
960,329.21,326.779,310.785,295.307,0.89613,0.083115
961,329.343,326.903,310.853,295.307,0.896976,0.083115
961,329.343,326.903,310.853,295.307,0.896976,0.083115
965,329.874,327.392,311.099,295.307,0.900359,0.083115
965,329.874,327.392,311.099,295.307,0.900359,0.083115
966,330.007,327.514,311.159,295.307,0.901205,0.083115
966,330.007,327.514,311.159,295.307,0.901205,0.083115
970,330.539,328.002,311.397,295.307,0.904588,0.083115
970,330.539,328.002,311.397,295.307,0.904588,0.083115
971,330.672,328.125,311.456,295.307,0.905434,0.083115
971,330.672,328.125,311.456,295.307,0.905434,0.083115
975,331.204,328.613,311.691,295.307,0.908817,0.083115
975,331.204,328.613,311.691,295.307,0.908817,0.083115
976,331.337,328.735,311.75,295.307,0.909663,0.083115
976,331.337,328.735,311.75,295.307,0.909663,0.083115
980,331.868,329.223,311.982,295.307,0.913046,0.083115
980,331.868,329.223,311.982,295.307,0.913046,0.083115
981,332.001,329.345,312.039,295.307,0.913892,0.083115
981,332.001,329.345,312.039,295.307,0.913892,0.083115
985,332.533,329.833,312.268,295.307,0.917275,0.083115
985,332.533,329.833,312.268,295.307,0.917275,0.083115
986,332.666,329.955,312.325,295.307,0.918121,0.083115
986,332.666,329.955,312.325,295.307,0.918121,0.083115
990,333.197,330.443,312.55,295.307,0.921504,0.083115
990,333.197,330.443,312.55,295.307,0.921504,0.083115
991,333.33,330.565,312.606,295.307,0.92235,0.083115
991,333.33,330.565,312.606,295.307,0.92235,0.083115
995,333.862,331.053,312.828,295.307,0.925733,0.083115
995,333.862,331.053,312.828,295.307,0.925733,0.083115
996,333.995,331.175,312.883,295.307,0.926579,0.083115
996,333.995,331.175,312.883,295.307,0.926579,0.083115
1000,334.527,331.662,313.102,295.307,0.929962,0.083115
1000,334.527,331.662,313.102,295.307,0.929962,0.083115
1001,334.66,331.784,313.156,295.307,0.930808,0.083115
1001,334.66,331.784,313.156,295.307,0.930808,0.083115
1005,335.191,332.272,313.371,295.307,0.934191,0.083115
1005,335.191,332.272,313.371,295.307,0.934191,0.083115
1006,335.324,332.393,313.425,295.307,0.935037,0.083115
1006,335.324,332.393,313.425,295.307,0.935037,0.083115
1010,335.856,332.881,313.636,295.307,0.93842,0.083115
1010,335.856,332.881,313.636,295.307,0.93842,0.083115
1011,335.989,333.003,313.689,295.307,0.939266,0.083115
1011,335.989,333.003,313.689,295.307,0.939266,0.083115
1015,336.52,333.49,313.898,295.307,0.942649,0.083115
1015,336.52,333.49,313.898,295.307,0.942649,0.083115
1015,336.52,333.49,313.898,295.307,0.94265,0.083115
1015,336.52,333.49,313.898,295.307,0.94265,0.083115
1016,336.593,333.561,313.939,295.307,0.943495,0.083115
1016,336.593,333.561,313.939,295.307,0.943495,0.083115
1020,336.883,333.831,314.066,295.307,0.946879,0.083115
1020,336.883,333.831,314.066,295.307,0.946879,0.083115
1021,336.956,333.898,314.095,295.307,0.947724,0.083115
1021,336.956,333.898,314.095,295.307,0.947724,0.083115
1025,337.246,334.167,314.212,295.307,0.951108,0.083115
1025,337.246,334.167,314.212,295.307,0.951108,0.083115
1026,337.318,334.234,314.242,295.307,0.951953,0.083115
1026,337.318,334.234,314.242,295.307,0.951953,0.083115
1030,337.608,334.503,314.359,295.307,0.955337,0.083115
1030,337.608,334.503,314.359,295.307,0.955337,0.083115
1031,337.681,334.57,314.388,295.307,0.956182,0.083115
1031,337.681,334.57,314.388,295.307,0.956182,0.083115
1035,337.971,334.839,314.503,295.307,0.959566,0.083115
1035,337.971,334.839,314.503,295.307,0.959566,0.083115
1036,338.043,334.906,314.532,295.307,0.960412,0.083115
1036,338.043,334.906,314.532,295.307,0.960412,0.083115
1040,338.333,335.174,314.647,295.307,0.963795,0.083115
1040,338.333,335.174,314.647,295.307,0.963795,0.083115
1041,338.406,335.242,314.676,295.307,0.964641,0.083115
1041,338.406,335.242,314.676,295.307,0.964641,0.083115
1045,338.696,335.51,314.789,295.307,0.968024,0.083115
1045,338.696,335.51,314.789,295.307,0.968024,0.083115
1046,338.768,335.578,314.818,295.307,0.96887,0.083115
1046,338.768,335.578,314.818,295.307,0.96887,0.083115
1050,339.058,335.846,314.931,295.307,0.972253,0.083115
1050,339.058,335.846,314.931,295.307,0.972253,0.083115
1051,339.131,335.914,314.959,295.307,0.973099,0.083115
1051,339.131,335.914,314.959,295.307,0.973099,0.083115
1055,339.421,336.182,315.071,295.307,0.976482,0.083115
1055,339.421,336.182,315.071,295.307,0.976482,0.083115
1056,339.493,336.25,315.099,295.307,0.977328,0.083115
1056,339.493,336.25,315.099,295.307,0.977328,0.083115
1060,339.783,336.518,315.21,295.307,0.980711,0.083115
1060,339.783,336.518,315.21,295.307,0.980711,0.083115
1061,339.856,336.586,315.237,295.307,0.981557,0.083115
1061,339.856,336.586,315.237,295.307,0.981557,0.083115
1065,340.146,336.854,315.348,295.307,0.98494,0.083115
1065,340.146,336.854,315.348,295.307,0.98494,0.083115
1066,340.218,336.922,315.375,295.307,0.985786,0.083115
1066,340.218,336.922,315.375,295.307,0.985786,0.083115
1070,340.508,337.19,315.485,295.307,0.989169,0.083115
1070,340.508,337.19,315.485,295.307,0.989169,0.083115
1071,340.581,337.258,315.512,295.307,0.990015,0.083115
1071,340.581,337.258,315.512,295.307,0.990015,0.083115
1075,340.871,337.526,315.621,295.307,0.993398,0.083115
1075,340.871,337.526,315.621,295.307,0.993398,0.083115
1076,340.943,337.594,315.648,295.307,0.994244,0.083115
1076,340.943,337.594,315.648,295.307,0.994244,0.083115
1080,341.234,337.862,315.757,295.307,0.997627,0.083115
1080,341.234,337.862,315.757,295.307,0.997627,0.083115
1081,341.306,337.93,315.784,295.307,0.998473,0.083115
1081,341.306,337.93,315.784,295.307,0.998473,0.083115
1085,341.596,338.199,315.891,295.307,1.00186,0.083115
1085,341.596,338.199,315.891,295.307,1.00186,0.083115
1086,341.669,338.266,315.918,295.307,1.0027,0.083115
1086,341.669,338.266,315.918,295.307,1.0027,0.083115
1090,341.959,338.535,316.026,295.307,1.00609,0.083115
1090,341.959,338.535,316.026,295.307,1.00609,0.083115
1091,342.031,338.602,316.052,295.307,1.00693,0.083115
1091,342.031,338.602,316.052,295.307,1.00693,0.083115
1095,342.321,338.871,316.16,295.307,1.01031,0.083115
1095,342.321,338.871,316.16,295.307,1.01031,0.083115
1096,342.394,338.938,316.186,295.307,1.01116,0.083115
1096,342.394,338.938,316.186,295.307,1.01116,0.083115
1100,342.684,339.207,316.293,295.307,1.01454,0.083115
1100,342.684,339.207,316.293,295.307,1.01454,0.083115
1101,342.756,339.274,316.32,295.307,1.01539,0.083115
1101,342.756,339.274,316.32,295.307,1.01539,0.083115
1105,343.046,339.543,316.426,295.307,1.01877,0.083115
1105,343.046,339.543,316.426,295.307,1.01877,0.083115
1106,343.119,339.61,316.453,295.307,1.01962,0.083115
1106,343.119,339.61,316.453,295.307,1.01962,0.083115
1110,343.409,339.879,316.56,295.307,1.023,0.083115
1110,343.409,339.879,316.56,295.307,1.023,0.083115
1111,343.481,339.946,316.586,295.307,1.02385,0.083115
1111,343.481,339.946,316.586,295.307,1.02385,0.083115
1115,343.771,340.215,316.693,295.307,1.02723,0.083115
1115,343.771,340.215,316.693,295.307,1.02723,0.083115
1116,343.844,340.283,316.72,295.307,1.02808,0.083115
1116,343.844,340.283,316.72,295.307,1.02808,0.083115
1120,344.134,340.552,316.826,295.307,1.03146,0.083115
1120,344.134,340.552,316.826,295.307,1.03146,0.083115
1121,344.206,340.619,316.853,295.307,1.03231,0.083115
1121,344.206,340.619,316.853,295.307,1.03231,0.083115
1125,344.496,340.888,316.96,295.307,1.03569,0.083115
1125,344.496,340.888,316.96,295.307,1.03569,0.083115
1126,344.569,340.955,316.987,295.307,1.03653,0.083115
1126,344.569,340.955,316.987,295.307,1.03653,0.083115
1130,344.859,341.224,317.094,295.307,1.03992,0.083115
1130,344.859,341.224,317.094,295.307,1.03992,0.083115
1131,344.931,341.292,317.121,295.307,1.04076,0.083115
1131,344.931,341.292,317.121,295.307,1.04076,0.083115
1135,345.221,341.561,317.229,295.307,1.04415,0.083115
1135,345.221,341.561,317.229,295.307,1.04415,0.083115
1136,345.294,341.628,317.256,295.307,1.04499,0.083115
1136,345.294,341.628,317.256,295.307,1.04499,0.083115
1140,345.584,341.897,317.364,295.307,1.04838,0.083115
1140,345.584,341.897,317.364,295.307,1.04838,0.083115
1141,345.657,341.964,317.391,295.307,1.04922,0.083115
1141,345.657,341.964,317.391,295.307,1.04922,0.083115
1145,345.947,342.233,317.5,295.307,1.0526,0.083115
1145,345.947,342.233,317.5,295.307,1.0526,0.083115
1146,346.019,342.301,317.527,295.307,1.05345,0.083115
1146,346.019,342.301,317.527,295.307,1.05345,0.083115
1150,346.309,342.57,317.637,295.307,1.05683,0.083115
1150,346.309,342.57,317.637,295.307,1.05683,0.083115
1151,346.382,342.637,317.664,295.307,1.05768,0.083115
1151,346.382,342.637,317.664,295.307,1.05768,0.083115
1155,346.672,342.907,317.775,295.307,1.06106,0.083115
1155,346.672,342.907,317.775,295.307,1.06106,0.083115
1156,346.744,342.974,317.802,295.307,1.06191,0.083115
1156,346.744,342.974,317.802,295.307,1.06191,0.083115
1160,347.034,343.243,317.913,295.307,1.06529,0.083115
1160,347.034,343.243,317.913,295.307,1.06529,0.083115
1161,347.107,343.311,317.941,295.307,1.06614,0.083115
1161,347.107,343.311,317.941,295.307,1.06614,0.083115
1165,347.397,343.58,318.053,295.307,1.06952,0.083115
1165,347.397,343.58,318.053,295.307,1.06952,0.083115
1166,347.469,343.647,318.082,295.307,1.07037,0.083115
1166,347.469,343.647,318.082,295.307,1.07037,0.083115
1170,347.759,343.917,318.195,295.307,1.07375,0.083115
1170,347.759,343.917,318.195,295.307,1.07375,0.083115
1171,347.832,343.984,318.223,295.307,1.0746,0.083115
1171,347.832,343.984,318.223,295.307,1.0746,0.083115
1175,348.122,344.253,318.338,295.307,1.07798,0.083115
1175,348.122,344.253,318.338,295.307,1.07798,0.083115
1176,348.194,344.321,318.366,295.307,1.07882,0.083115
1176,348.194,344.321,318.366,295.307,1.07882,0.083115
1180,348.484,344.59,318.482,295.307,1.08221,0.083115
1180,348.484,344.59,318.482,295.307,1.08221,0.083115
1181,348.557,344.658,318.511,295.307,1.08305,0.083115
1181,348.557,344.658,318.511,295.307,1.08305,0.083115
1185,348.847,344.927,318.628,295.307,1.08644,0.083115
1185,348.847,344.927,318.628,295.307,1.08644,0.083115
1186,348.919,344.995,318.657,295.307,1.08728,0.083115
1186,348.919,344.995,318.657,295.307,1.08728,0.083115
1190,349.209,345.264,318.775,295.307,1.09067,0.083115
1190,349.209,345.264,318.775,295.307,1.09067,0.083115
1191,349.282,345.332,318.805,295.307,1.09151,0.083115
1191,349.282,345.332,318.805,295.307,1.09151,0.083115
1195,349.572,345.601,318.925,295.307,1.09489,0.083115
1195,349.572,345.601,318.925,295.307,1.09489,0.083115
1196,349.644,345.669,318.955,295.307,1.09574,0.083115
1196,349.644,345.669,318.955,295.307,1.09574,0.083115
1200,349.935,345.939,319.076,295.307,1.09912,0.083115
1200,349.935,345.939,319.076,295.307,1.09912,0.083115
1200,349.935,345.939,319.076,295.307,1.09912,0.083115
1200,349.935,345.939,319.076,295.307,1.09912,0.083115
1201,350,346,319.105,295.307,1.09947,0.083115
1201,350,346,319.105,295.307,1.09947,0.083115
1205,350.264,346.241,319.21,295.307,1.10088,0.083115
1205,350.264,346.241,319.21,295.307,1.10088,0.083115
1206,350.33,346.302,319.236,295.307,1.10123,0.083115
1206,350.33,346.302,319.236,295.307,1.10123,0.083115
1210,350.594,346.543,319.342,295.307,1.10263,0.083115
1210,350.594,346.543,319.342,295.307,1.10263,0.083115
1211,350.66,346.604,319.369,295.307,1.10298,0.083115
1211,350.66,346.604,319.369,295.307,1.10298,0.083115
1215,350.924,346.845,319.476,295.307,1.10438,0.083115
1215,350.924,346.845,319.476,295.307,1.10438,0.083115
1216,350.99,346.906,319.503,295.307,1.10473,0.083115
1216,350.99,346.906,319.503,295.307,1.10473,0.083115
1220,351.254,347.147,319.612,295.307,1.10614,0.083115
1220,351.254,347.147,319.612,295.307,1.10614,0.083115
1221,351.32,347.208,319.639,295.307,1.10649,0.083115
1221,351.32,347.208,319.639,295.307,1.10649,0.083115
1225,351.584,347.449,319.75,295.307,1.10789,0.083115
1225,351.584,347.449,319.75,295.307,1.10789,0.083115
1226,351.65,347.51,319.778,295.307,1.10824,0.083115
1226,351.65,347.51,319.778,295.307,1.10824,0.083115
1230,351.914,347.751,319.89,295.307,1.10964,0.083115
1230,351.914,347.751,319.89,295.307,1.10964,0.083115
1231,351.98,347.812,319.918,295.307,1.10999,0.083115
1231,351.98,347.812,319.918,295.307,1.10999,0.083115
1235,352.244,348.054,320.032,295.307,1.1114,0.083115
1235,352.244,348.054,320.032,295.307,1.1114,0.083115
1236,352.31,348.114,320.061,295.307,1.11175,0.083115
1236,352.31,348.114,320.061,295.307,1.11175,0.083115
1240,352.574,348.356,320.177,295.307,1.11315,0.083115
1240,352.574,348.356,320.177,295.307,1.11315,0.083115
1241,352.64,348.416,320.206,295.307,1.1135,0.083115
1241,352.64,348.416,320.206,295.307,1.1135,0.083115
1245,352.903,348.658,320.324,295.307,1.1149,0.083115
1245,352.903,348.658,320.324,295.307,1.1149,0.083115
1246,352.969,348.718,320.353,295.307,1.11525,0.083115
1246,352.969,348.718,320.353,295.307,1.11525,0.083115
1250,353.233,348.96,320.473,295.307,1.11666,0.083115
1250,353.233,348.96,320.473,295.307,1.11666,0.083115
1251,353.299,349.021,320.503,295.307,1.11701,0.083115
1251,353.299,349.021,320.503,295.307,1.11701,0.083115
1255,353.563,349.262,320.625,295.307,1.11841,0.083115
1255,353.563,349.262,320.625,295.307,1.11841,0.083115
1256,353.629,349.323,320.656,295.307,1.11876,0.083115
1256,353.629,349.323,320.656,295.307,1.11876,0.083115
1260,353.893,349.565,320.78,295.307,1.12016,0.083115
1260,353.893,349.565,320.78,295.307,1.12016,0.083115
1261,353.959,349.625,320.811,295.307,1.12051,0.083115
1261,353.959,349.625,320.811,295.307,1.12051,0.083115
1265,354.223,349.867,320.938,295.307,1.12192,0.083115
1265,354.223,349.867,320.938,295.307,1.12192,0.083115
1266,354.289,349.928,320.97,295.307,1.12227,0.083115
1266,354.289,349.928,320.97,295.307,1.12227,0.083115
1270,354.553,350.17,321.098,295.307,1.12367,0.083115
1270,354.553,350.17,321.098,295.307,1.12367,0.083115
1271,354.619,350.23,321.131,295.307,1.12402,0.083115
1271,354.619,350.23,321.131,295.307,1.12402,0.083115
1275,354.883,350.472,321.262,295.307,1.12542,0.083115
1275,354.883,350.472,321.262,295.307,1.12542,0.083115
1276,354.949,350.533,321.295,295.307,1.12577,0.083115
1276,354.949,350.533,321.295,295.307,1.12577,0.083115
1280,355.213,350.775,321.429,295.307,1.12718,0.083115
1280,355.213,350.775,321.429,295.307,1.12718,0.083115
1281,355.279,350.835,321.463,295.307,1.12753,0.083115
1281,355.279,350.835,321.463,295.307,1.12753,0.083115
1285,355.542,351.077,321.599,295.307,1.12893,0.083115
1285,355.542,351.077,321.599,295.307,1.12893,0.083115
1286,355.608,351.138,321.633,295.307,1.12928,0.083115
1286,355.608,351.138,321.633,295.307,1.12928,0.083115
1290,355.872,351.38,321.772,295.307,1.13068,0.083115
1290,355.872,351.38,321.772,295.307,1.13068,0.083115
1291,355.938,351.441,321.807,295.307,1.13103,0.083115
1291,355.938,351.441,321.807,295.307,1.13103,0.083115
1295,356.202,351.683,321.948,295.307,1.13244,0.083115
1295,356.202,351.683,321.948,295.307,1.13244,0.083115
1296,356.268,351.744,321.984,295.307,1.13279,0.083115
1296,356.268,351.744,321.984,295.307,1.13279,0.083115
1300,356.532,351.986,322.128,295.307,1.13419,0.083115
1300,356.532,351.986,322.128,295.307,1.13419,0.083115
1301,356.598,352.046,322.165,295.307,1.13454,0.083115
1301,356.598,352.046,322.165,295.307,1.13454,0.083115
1305,356.862,352.289,322.312,295.307,1.13594,0.083115
1305,356.862,352.289,322.312,295.307,1.13594,0.083115
1306,356.928,352.35,322.349,295.307,1.13629,0.083115
1306,356.928,352.35,322.349,295.307,1.13629,0.083115
1310,357.192,352.592,322.499,295.307,1.1377,0.083115
1310,357.192,352.592,322.499,295.307,1.1377,0.083115
1311,357.258,352.653,322.537,295.307,1.13805,0.083115
1311,357.258,352.653,322.537,295.307,1.13805,0.083115
1315,357.522,352.895,322.689,295.307,1.13945,0.083115
1315,357.522,352.895,322.689,295.307,1.13945,0.083115
1316,357.588,352.956,322.728,295.307,1.1398,0.083115
1316,357.588,352.956,322.728,295.307,1.1398,0.083115
1320,357.852,353.198,322.884,295.307,1.1412,0.083115
1320,357.852,353.198,322.884,295.307,1.1412,0.083115
1321,357.918,353.259,322.923,295.307,1.14155,0.083115
1321,357.918,353.259,322.923,295.307,1.14155,0.083115
1325,358.181,353.502,323.082,295.307,1.14296,0.083115
1325,358.181,353.502,323.082,295.307,1.14296,0.083115
1326,358.247,353.562,323.122,295.307,1.14331,0.083115
1326,358.247,353.562,323.122,295.307,1.14331,0.083115
1330,358.511,353.805,323.284,295.307,1.14471,0.083115
1330,358.511,353.805,323.284,295.307,1.14471,0.083115
1331,358.577,353.866,323.325,295.307,1.14506,0.083115
1331,358.577,353.866,323.325,295.307,1.14506,0.083115
1335,358.841,354.109,323.49,295.307,1.14646,0.083115
1335,358.841,354.109,323.49,295.307,1.14646,0.083115
1336,358.907,354.17,323.532,295.307,1.14681,0.083115
1336,358.907,354.17,323.532,295.307,1.14681,0.083115
1340,359.171,354.413,323.7,295.307,1.14821,0.083115
1340,359.171,354.413,323.7,295.307,1.14821,0.083115
1341,359.237,354.473,323.743,295.307,1.14857,0.083115
1341,359.237,354.473,323.743,295.307,1.14857,0.083115
1345,359.501,354.716,323.914,295.307,1.14997,0.083115
1345,359.501,354.716,323.914,295.307,1.14997,0.083115
1346,359.567,354.777,323.958,295.307,1.15032,0.083115
1346,359.567,354.777,323.958,295.307,1.15032,0.083115
1350,359.831,355.02,324.132,295.307,1.15172,0.083115
1350,359.831,355.02,324.132,295.307,1.15172,0.083115
1351,359.897,355.081,324.176,295.307,1.15207,0.083115
1351,359.897,355.081,324.176,295.307,1.15207,0.083115
1355,360.161,355.324,324.355,295.307,1.15347,0.083115
1355,360.161,355.324,324.355,295.307,1.15347,0.083115
1356,360.227,355.385,324.4,295.307,1.15383,0.083115
1356,360.227,355.385,324.4,295.307,1.15383,0.083115
1360,360.491,355.628,324.581,295.307,1.15523,0.083115
1360,360.491,355.628,324.581,295.307,1.15523,0.083115
1361,360.557,355.689,324.627,295.307,1.15558,0.083115
1361,360.557,355.689,324.627,295.307,1.15558,0.083115
1365,360.82,355.933,324.812,295.307,1.15698,0.083115
1365,360.82,355.933,324.812,295.307,1.15698,0.083115
1366,360.886,355.994,324.859,295.307,1.15733,0.083115
1366,360.886,355.994,324.859,295.307,1.15733,0.083115
1370,361.15,356.237,325.047,295.307,1.15873,0.083115
1370,361.15,356.237,325.047,295.307,1.15873,0.083115
1371,361.216,356.298,325.095,295.307,1.15909,0.083115
1371,361.216,356.298,325.095,295.307,1.15909,0.083115
1375,361.48,356.542,325.287,295.307,1.16049,0.083115
1375,361.48,356.542,325.287,295.307,1.16049,0.083115
1376,361.546,356.603,325.335,295.307,1.16084,0.083115
1376,361.546,356.603,325.335,295.307,1.16084,0.083115
1380,361.81,356.846,325.531,295.307,1.16224,0.083115
1380,361.81,356.846,325.531,295.307,1.16224,0.083115
1381,361.876,356.907,325.58,295.307,1.16259,0.083115
1381,361.876,356.907,325.58,295.307,1.16259,0.083115
1385,362.14,357.151,325.779,295.307,1.16399,0.083115
1385,362.14,357.151,325.779,295.307,1.16399,0.083115
1386,362.206,357.212,325.829,295.307,1.16434,0.083115
1386,362.206,357.212,325.829,295.307,1.16434,0.083115
1390,362.47,357.456,326.032,295.307,1.16575,0.083115
1390,362.47,357.456,326.032,295.307,1.16575,0.083115
1391,362.536,357.517,326.083,295.307,1.1661,0.083115
1391,362.536,357.517,326.083,295.307,1.1661,0.083115
1395,362.8,357.761,326.289,295.307,1.1675,0.083115
1395,362.8,357.761,326.289,295.307,1.1675,0.083115
1396,362.866,357.822,326.341,295.307,1.16785,0.083115
1396,362.866,357.822,326.341,295.307,1.16785,0.083115
1400,363.13,358.066,326.551,295.307,1.16925,0.083115
1400,363.13,358.066,326.551,295.307,1.16925,0.083115
1401,363.196,358.127,326.604,295.307,1.1696,0.083115
1401,363.196,358.127,326.604,295.307,1.1696,0.083115
1405,363.46,358.372,326.818,295.307,1.17101,0.083115
1405,363.46,358.372,326.818,295.307,1.17101,0.083115
1406,363.525,358.433,326.871,295.307,1.17136,0.083115
1406,363.525,358.433,326.871,295.307,1.17136,0.083115
1410,363.789,358.677,327.089,295.307,1.17276,0.083115
1410,363.789,358.677,327.089,295.307,1.17276,0.083115
1411,363.855,358.738,327.143,295.307,1.17311,0.083115
1411,363.855,358.738,327.143,295.307,1.17311,0.083115
1415,364.119,358.983,327.364,295.307,1.17451,0.083115
1415,364.119,358.983,327.364,295.307,1.17451,0.083115
1416,364.185,359.044,327.42,295.307,1.17486,0.083115
1416,364.185,359.044,327.42,295.307,1.17486,0.083115
1420,364.449,359.289,327.644,295.307,1.17627,0.083115
1420,364.449,359.289,327.644,295.307,1.17627,0.083115
1421,364.515,359.35,327.701,295.307,1.17662,0.083115
1421,364.515,359.35,327.701,295.307,1.17662,0.083115
1425,364.779,359.595,327.929,295.307,1.17802,0.083115
1425,364.779,359.595,327.929,295.307,1.17802,0.083115
1426,364.845,359.656,327.987,295.307,1.17837,0.083115
1426,364.845,359.656,327.987,295.307,1.17837,0.083115
1430,365.109,359.901,328.218,295.307,1.17977,0.083115
1430,365.109,359.901,328.218,295.307,1.17977,0.083115
1431,365.175,359.962,328.277,295.307,1.18012,0.083115
1431,365.175,359.962,328.277,295.307,1.18012,0.083115
1435,365.439,360.207,328.512,295.307,1.18153,0.083115
1435,365.439,360.207,328.512,295.307,1.18153,0.083115
1436,365.505,360.268,328.572,295.307,1.18188,0.083115
1436,365.505,360.268,328.572,295.307,1.18188,0.083115
1440,365.769,360.514,328.811,295.307,1.18328,0.083115
1440,365.769,360.514,328.811,295.307,1.18328,0.083115
1440,365.769,360.514,328.811,295.307,1.18328,0.083115
1440,365.769,360.514,328.811,295.307,1.18328,0.083115
1441,365.824,360.565,328.866,295.307,1.18347,0.083115
1441,365.824,360.565,328.866,295.307,1.18347,0.083115
1445,366.044,360.769,329.066,295.307,1.18421,0.083115
1445,366.044,360.769,329.066,295.307,1.18421,0.083115
1446,366.099,360.82,329.116,295.307,1.1844,0.083115
1446,366.099,360.82,329.116,295.307,1.1844,0.083115
1450,366.319,361.023,329.316,295.307,1.18515,0.083115
1450,366.319,361.023,329.316,295.307,1.18515,0.083115
1451,366.374,361.074,329.366,295.307,1.18533,0.083115
1451,366.374,361.074,329.366,295.307,1.18533,0.083115
1455,366.594,361.277,329.568,295.307,1.18608,0.083115
1455,366.594,361.277,329.568,295.307,1.18608,0.083115
1456,366.649,361.328,329.619,295.307,1.18627,0.083115
1456,366.649,361.328,329.619,295.307,1.18627,0.083115
1460,366.869,361.531,329.824,295.307,1.18701,0.083115
1460,366.869,361.531,329.824,295.307,1.18701,0.083115
1461,366.924,361.582,329.876,295.307,1.1872,0.083115
1461,366.924,361.582,329.876,295.307,1.1872,0.083115
1465,367.144,361.786,330.083,295.307,1.18795,0.083115
1465,367.144,361.786,330.083,295.307,1.18795,0.083115
1466,367.199,361.837,330.135,295.307,1.18814,0.083115
1466,367.199,361.837,330.135,295.307,1.18814,0.083115
1470,367.419,362.04,330.344,295.307,1.18888,0.083115
1470,367.419,362.04,330.344,295.307,1.18888,0.083115
1471,367.474,362.091,330.397,295.307,1.18907,0.083115
1471,367.474,362.091,330.397,295.307,1.18907,0.083115
1475,367.694,362.295,330.609,295.307,1.18982,0.083115
1475,367.694,362.295,330.609,295.307,1.18982,0.083115
1476,367.749,362.346,330.662,295.307,1.19,0.083115
1476,367.749,362.346,330.662,295.307,1.19,0.083115
1480,367.969,362.55,330.876,295.307,1.19075,0.083115
1480,367.969,362.55,330.876,295.307,1.19075,0.083115
1481,368.024,362.601,330.93,295.307,1.19094,0.083115
1481,368.024,362.601,330.93,295.307,1.19094,0.083115
1485,368.244,362.805,331.147,295.307,1.19168,0.083115
1485,368.244,362.805,331.147,295.307,1.19168,0.083115
1486,368.299,362.856,331.201,295.307,1.19187,0.083115
1486,368.299,362.856,331.201,295.307,1.19187,0.083115
1490,368.519,363.06,331.42,295.307,1.19262,0.083115
1490,368.519,363.06,331.42,295.307,1.19262,0.083115
1491,368.574,363.111,331.475,295.307,1.1928,0.083115
1491,368.574,363.111,331.475,295.307,1.1928,0.083115
1495,368.795,363.315,331.697,295.307,1.19355,0.083115
1495,368.795,363.315,331.697,295.307,1.19355,0.083115
1496,368.85,363.366,331.752,295.307,1.19374,0.083115
1496,368.85,363.366,331.752,295.307,1.19374,0.083115
1500,369.07,363.57,331.976,295.307,1.19448,0.083115
1500,369.07,363.57,331.976,295.307,1.19448,0.083115
1501,369.125,363.621,332.032,295.307,1.19467,0.083115
1501,369.125,363.621,332.032,295.307,1.19467,0.083115
1505,369.345,363.825,332.258,295.307,1.19542,0.083115
1505,369.345,363.825,332.258,295.307,1.19542,0.083115
1506,369.4,363.876,332.314,295.307,1.1956,0.083115
1506,369.4,363.876,332.314,295.307,1.1956,0.083115
1510,369.62,364.081,332.542,295.307,1.19635,0.083115
1510,369.62,364.081,332.542,295.307,1.19635,0.083115
1511,369.675,364.132,332.6,295.307,1.19654,0.083115
1511,369.675,364.132,332.6,295.307,1.19654,0.083115
1515,369.895,364.336,332.83,295.307,1.19729,0.083115
1515,369.895,364.336,332.83,295.307,1.19729,0.083115
1516,369.95,364.387,332.888,295.307,1.19747,0.083115
1516,369.95,364.387,332.888,295.307,1.19747,0.083115
1520,370.17,364.592,333.12,295.307,1.19822,0.083115
1520,370.17,364.592,333.12,295.307,1.19822,0.083115
1521,370.225,364.643,333.179,295.307,1.19841,0.083115
1521,370.225,364.643,333.179,295.307,1.19841,0.083115
1525,370.445,364.848,333.413,295.307,1.19915,0.083115
1525,370.445,364.848,333.413,295.307,1.19915,0.083115
1526,370.5,364.899,333.472,295.307,1.19934,0.083115
1526,370.5,364.899,333.472,295.307,1.19934,0.083115
1530,370.72,365.103,333.709,295.307,1.20009,0.083115
1530,370.72,365.103,333.709,295.307,1.20009,0.083115
1531,370.775,365.155,333.768,295.307,1.20027,0.083115
1531,370.775,365.155,333.768,295.307,1.20027,0.083115
1535,370.995,365.359,334.007,295.307,1.20102,0.083115
1535,370.995,365.359,334.007,295.307,1.20102,0.083115
1536,371.05,365.411,334.067,295.307,1.20121,0.083115
1536,371.05,365.411,334.067,295.307,1.20121,0.083115
1540,371.27,365.616,334.308,295.307,1.20195,0.083115
1540,371.27,365.616,334.308,295.307,1.20195,0.083115
1541,371.325,365.667,334.369,295.307,1.20214,0.083115
1541,371.325,365.667,334.369,295.307,1.20214,0.083115
1545,371.545,365.872,334.612,295.307,1.20289,0.083115
1545,371.545,365.872,334.612,295.307,1.20289,0.083115
1546,371.6,365.923,334.673,295.307,1.20307,0.083115
1546,371.6,365.923,334.673,295.307,1.20307,0.083115
1550,371.82,366.128,334.918,295.307,1.20382,0.083115
1550,371.82,366.128,334.918,295.307,1.20382,0.083115
1551,371.875,366.18,334.979,295.307,1.20401,0.083115
1551,371.875,366.18,334.979,295.307,1.20401,0.083115
1555,372.096,366.385,335.226,295.307,1.20475,0.083115
1555,372.096,366.385,335.226,295.307,1.20475,0.083115
1556,372.151,366.436,335.288,295.307,1.20494,0.083115
1556,372.151,366.436,335.288,295.307,1.20494,0.083115
1560,372.371,366.641,335.537,295.307,1.20569,0.083115
1560,372.371,366.641,335.537,295.307,1.20569,0.083115
1561,372.426,366.693,335.6,295.307,1.20588,0.083115
1561,372.426,366.693,335.6,295.307,1.20588,0.083115
1565,372.646,366.898,335.851,295.307,1.20662,0.083115
1565,372.646,366.898,335.851,295.307,1.20662,0.083115
1566,372.701,366.949,335.913,295.307,1.20681,0.083115
1566,372.701,366.949,335.913,295.307,1.20681,0.083115
1570,372.921,367.155,336.166,295.307,1.20756,0.083115
1570,372.921,367.155,336.166,295.307,1.20756,0.083115
1571,372.976,367.206,336.23,295.307,1.20774,0.083115
1571,372.976,367.206,336.23,295.307,1.20774,0.083115
1575,373.196,367.412,336.484,295.307,1.20849,0.083115
1575,373.196,367.412,336.484,295.307,1.20849,0.083115
1576,373.251,367.463,336.548,295.307,1.20868,0.083115
1576,373.251,367.463,336.548,295.307,1.20868,0.083115
1580,373.471,367.669,336.805,295.307,1.20942,0.083115
1580,373.471,367.669,336.805,295.307,1.20942,0.083115
1581,373.526,367.721,336.869,295.307,1.20961,0.083115
1581,373.526,367.721,336.869,295.307,1.20961,0.083115
1585,373.746,367.926,337.128,295.307,1.21036,0.083115
1585,373.746,367.926,337.128,295.307,1.21036,0.083115
1586,373.801,367.978,337.192,295.307,1.21054,0.083115
1586,373.801,367.978,337.192,295.307,1.21054,0.083115
1590,374.021,368.184,337.453,295.307,1.21129,0.083115
1590,374.021,368.184,337.453,295.307,1.21129,0.083115
1591,374.076,368.235,337.518,295.307,1.21148,0.083115
1591,374.076,368.235,337.518,295.307,1.21148,0.083115
1595,374.296,368.441,337.78,295.307,1.21222,0.083115
1595,374.296,368.441,337.78,295.307,1.21222,0.083115
1596,374.351,368.493,337.845,295.307,1.21241,0.083115
1596,374.351,368.493,337.845,295.307,1.21241,0.083115
1600,374.571,368.699,338.109,295.307,1.21316,0.083115
1600,374.571,368.699,338.109,295.307,1.21316,0.083115
1601,374.626,368.75,338.175,295.307,1.21334,0.083115
1601,374.626,368.75,338.175,295.307,1.21334,0.083115
1605,374.846,368.957,338.44,295.307,1.21409,0.083115
1605,374.846,368.957,338.44,295.307,1.21409,0.083115
1606,374.901,369.008,338.507,295.307,1.21428,0.083115
1606,374.901,369.008,338.507,295.307,1.21428,0.083115
1610,375.121,369.214,338.774,295.307,1.21503,0.083115
1610,375.121,369.214,338.774,295.307,1.21503,0.083115
1611,375.176,369.266,338.841,295.307,1.21521,0.083115
1611,375.176,369.266,338.841,295.307,1.21521,0.083115
1615,375.396,369.472,339.109,295.307,1.21596,0.083115
1615,375.396,369.472,339.109,295.307,1.21596,0.083115
1616,375.452,369.524,339.177,295.307,1.21615,0.083115
1616,375.452,369.524,339.177,295.307,1.21615,0.083115
1620,375.672,369.73,339.447,295.307,1.21689,0.083115
1620,375.672,369.73,339.447,295.307,1.21689,0.083115
1621,375.727,369.782,339.514,295.307,1.21708,0.083115
1621,375.727,369.782,339.514,295.307,1.21708,0.083115
1625,375.947,369.989,339.786,295.307,1.21783,0.083115
1625,375.947,369.989,339.786,295.307,1.21783,0.083115
1626,376.002,370.04,339.854,295.307,1.21801,0.083115
1626,376.002,370.04,339.854,295.307,1.21801,0.083115
1630,376.222,370.247,340.127,295.307,1.21876,0.083115
1630,376.222,370.247,340.127,295.307,1.21876,0.083115
1631,376.277,370.299,340.196,295.307,1.21895,0.083115
1631,376.277,370.299,340.196,295.307,1.21895,0.083115
1635,376.497,370.506,340.47,295.307,1.21969,0.083115
1635,376.497,370.506,340.47,295.307,1.21969,0.083115
1636,376.552,370.557,340.539,295.307,1.21988,0.083115
1636,376.552,370.557,340.539,295.307,1.21988,0.083115
1640,376.772,370.764,340.815,295.307,1.22063,0.083115
1640,376.772,370.764,340.815,295.307,1.22063,0.083115
1641,376.827,370.816,340.884,295.307,1.22081,0.083115
1641,376.827,370.816,340.884,295.307,1.22081,0.083115
1645,377.047,371.023,341.162,295.307,1.22156,0.083115
1645,377.047,371.023,341.162,295.307,1.22156,0.083115
1646,377.102,371.075,341.231,295.307,1.22175,0.083115
1646,377.102,371.075,341.231,295.307,1.22175,0.083115
1650,377.322,371.282,341.51,295.307,1.22249,0.083115
1650,377.322,371.282,341.51,295.307,1.22249,0.083115
1651,377.377,371.334,341.58,295.307,1.22268,0.083115
1651,377.377,371.334,341.58,295.307,1.22268,0.083115
1655,377.597,371.541,341.86,295.307,1.22343,0.083115
1655,377.597,371.541,341.86,295.307,1.22343,0.083115
1656,377.652,371.593,341.93,295.307,1.22362,0.083115
1656,377.652,371.593,341.93,295.307,1.22362,0.083115
1660,377.872,371.8,342.211,295.307,1.22436,0.083115
1660,377.872,371.8,342.211,295.307,1.22436,0.083115
1661,377.927,371.852,342.282,295.307,1.22455,0.083115
1661,377.927,371.852,342.282,295.307,1.22455,0.083115
1665,378.147,372.059,342.564,295.307,1.2253,0.083115
1665,378.147,372.059,342.564,295.307,1.2253,0.083115
1666,378.202,372.111,342.635,295.307,1.22548,0.083115
1666,378.202,372.111,342.635,295.307,1.22548,0.083115
1670,378.422,372.319,342.919,295.307,1.22623,0.083115
1670,378.422,372.319,342.919,295.307,1.22623,0.083115
1671,378.477,372.37,342.99,295.307,1.22642,0.083115
1671,378.477,372.37,342.99,295.307,1.22642,0.083115
1675,378.697,372.578,343.275,295.307,1.22716,0.083115
1675,378.697,372.578,343.275,295.307,1.22716,0.083115
1676,378.752,372.63,343.347,295.307,1.22735,0.083115
1676,378.752,372.63,343.347,295.307,1.22735,0.083115
1680,378.973,372.838,343.633,295.307,1.2281,0.083115
1680,378.973,372.838,343.633,295.307,1.2281,0.083115
1680,378.973,372.838,343.633,295.307,1.2281,0.083115
1680,378.973,372.838,343.633,295.307,1.2281,0.083115
1681,379.021,372.884,343.7,295.307,1.22818,0.083115
1681,379.021,372.884,343.7,295.307,1.22818,0.083115
1685,379.214,373.065,343.95,295.307,1.22852,0.083115
1685,379.214,373.065,343.95,295.307,1.22852,0.083115
1686,379.262,373.11,344.011,295.307,1.2286,0.083115
1686,379.262,373.11,344.011,295.307,1.2286,0.083115
1690,379.456,373.292,344.259,295.307,1.22894,0.083115
1690,379.456,373.292,344.259,295.307,1.22894,0.083115
1691,379.504,373.337,344.321,295.307,1.22903,0.083115
1691,379.504,373.337,344.321,295.307,1.22903,0.083115
1695,379.697,373.518,344.57,295.307,1.22936,0.083115
1695,379.697,373.518,344.57,295.307,1.22936,0.083115
1696,379.745,373.564,344.632,295.307,1.22945,0.083115
1696,379.745,373.564,344.632,295.307,1.22945,0.083115
1700,379.939,373.745,344.881,295.307,1.22979,0.083115
1700,379.939,373.745,344.881,295.307,1.22979,0.083115
1701,379.987,373.79,344.943,295.307,1.22987,0.083115
1701,379.987,373.79,344.943,295.307,1.22987,0.083115
1705,380.18,373.972,345.193,295.307,1.23021,0.083115
1705,380.18,373.972,345.193,295.307,1.23021,0.083115
1706,380.228,374.017,345.256,295.307,1.23029,0.083115
1706,380.228,374.017,345.256,295.307,1.23029,0.083115
1710,380.422,374.199,345.507,295.307,1.23063,0.083115
1710,380.422,374.199,345.507,295.307,1.23063,0.083115
1711,380.47,374.244,345.569,295.307,1.23072,0.083115
1711,380.47,374.244,345.569,295.307,1.23072,0.083115
1715,380.663,374.426,345.821,295.307,1.23105,0.083115
1715,380.663,374.426,345.821,295.307,1.23105,0.083115
1716,380.711,374.471,345.884,295.307,1.23114,0.083115
1716,380.711,374.471,345.884,295.307,1.23114,0.083115
1720,380.905,374.653,346.136,295.307,1.23148,0.083115
1720,380.905,374.653,346.136,295.307,1.23148,0.083115
1721,380.953,374.698,346.199,295.307,1.23156,0.083115
1721,380.953,374.698,346.199,295.307,1.23156,0.083115
1725,381.146,374.88,346.451,295.307,1.2319,0.083115
1725,381.146,374.88,346.451,295.307,1.2319,0.083115
1726,381.194,374.925,346.515,295.307,1.23198,0.083115
1726,381.194,374.925,346.515,295.307,1.23198,0.083115
1730,381.388,375.107,346.768,295.307,1.23232,0.083115
1730,381.388,375.107,346.768,295.307,1.23232,0.083115
1731,381.436,375.153,346.831,295.307,1.23241,0.083115
1731,381.436,375.153,346.831,295.307,1.23241,0.083115
1735,381.629,375.334,347.085,295.307,1.23274,0.083115
1735,381.629,375.334,347.085,295.307,1.23274,0.083115
1736,381.677,375.38,347.149,295.307,1.23283,0.083115
1736,381.677,375.38,347.149,295.307,1.23283,0.083115
1740,381.871,375.562,347.403,295.307,1.23317,0.083115
1740,381.871,375.562,347.403,295.307,1.23317,0.083115
1741,381.919,375.607,347.467,295.307,1.23325,0.083115
1741,381.919,375.607,347.467,295.307,1.23325,0.083115
1745,382.112,375.789,347.722,295.307,1.23359,0.083115
1745,382.112,375.789,347.722,295.307,1.23359,0.083115
1746,382.16,375.835,347.786,295.307,1.23367,0.083115
1746,382.16,375.835,347.786,295.307,1.23367,0.083115
1750,382.354,376.017,348.042,295.307,1.23401,0.083115
1750,382.354,376.017,348.042,295.307,1.23401,0.083115
1751,382.402,376.062,348.106,295.307,1.2341,0.083115
1751,382.402,376.062,348.106,295.307,1.2341,0.083115
1755,382.595,376.245,348.362,295.307,1.23443,0.083115
1755,382.595,376.245,348.362,295.307,1.23443,0.083115
1756,382.643,376.29,348.426,295.307,1.23452,0.083115
1756,382.643,376.29,348.426,295.307,1.23452,0.083115
1760,382.837,376.472,348.683,295.307,1.23486,0.083115
1760,382.837,376.472,348.683,295.307,1.23486,0.083115
1761,382.885,376.518,348.747,295.307,1.23494,0.083115
1761,382.885,376.518,348.747,295.307,1.23494,0.083115
1765,383.078,376.7,349.004,295.307,1.23528,0.083115
1765,383.078,376.7,349.004,295.307,1.23528,0.083115
1766,383.126,376.746,349.069,295.307,1.23536,0.083115
1766,383.126,376.746,349.069,295.307,1.23536,0.083115
1770,383.32,376.928,349.327,295.307,1.2357,0.083115
1770,383.32,376.928,349.327,295.307,1.2357,0.083115
1771,383.368,376.974,349.391,295.307,1.23578,0.083115
1771,383.368,376.974,349.391,295.307,1.23578,0.083115
1775,383.561,377.156,349.649,295.307,1.23612,0.083115
1775,383.561,377.156,349.649,295.307,1.23612,0.083115
1776,383.609,377.202,349.714,295.307,1.23621,0.083115
1776,383.609,377.202,349.714,295.307,1.23621,0.083115
1780,383.803,377.384,349.973,295.307,1.23654,0.083115
1780,383.803,377.384,349.973,295.307,1.23654,0.083115
1781,383.851,377.43,350.037,295.307,1.23663,0.083115
1781,383.851,377.43,350.037,295.307,1.23663,0.083115
1785,384.044,377.612,350.297,295.307,1.23697,0.083115
1785,384.044,377.612,350.297,295.307,1.23697,0.083115
1786,384.092,377.658,350.361,295.307,1.23705,0.083115
1786,384.092,377.658,350.361,295.307,1.23705,0.083115
1790,384.286,377.841,350.621,295.307,1.23739,0.083115
1790,384.286,377.841,350.621,295.307,1.23739,0.083115
1791,384.334,377.886,350.686,295.307,1.23747,0.083115
1791,384.334,377.886,350.686,295.307,1.23747,0.083115
1795,384.527,378.069,350.946,295.307,1.23781,0.083115
1795,384.527,378.069,350.946,295.307,1.23781,0.083115
1796,384.575,378.115,351.011,295.307,1.2379,0.083115
1796,384.575,378.115,351.011,295.307,1.2379,0.083115
1800,384.769,378.297,351.271,295.307,1.23823,0.083115
1800,384.769,378.297,351.271,295.307,1.23823,0.083115
1801,384.817,378.343,351.336,295.307,1.23832,0.083115
1801,384.817,378.343,351.336,295.307,1.23832,0.083115
1805,385.01,378.526,351.597,295.307,1.23866,0.083115
1805,385.01,378.526,351.597,295.307,1.23866,0.083115
1806,385.058,378.572,351.662,295.307,1.23874,0.083115
1806,385.058,378.572,351.662,295.307,1.23874,0.083115
1810,385.252,378.754,351.923,295.307,1.23908,0.083115
1810,385.252,378.754,351.923,295.307,1.23908,0.083115
1811,385.3,378.8,351.989,295.307,1.23916,0.083115
1811,385.3,378.8,351.989,295.307,1.23916,0.083115
1815,385.493,378.983,352.25,295.307,1.2395,0.083115
1815,385.493,378.983,352.25,295.307,1.2395,0.083115
1816,385.541,379.029,352.316,295.307,1.23959,0.083115
1816,385.541,379.029,352.316,295.307,1.23959,0.083115
1820,385.735,379.212,352.577,295.307,1.23992,0.083115
1820,385.735,379.212,352.577,295.307,1.23992,0.083115
1821,385.783,379.258,352.643,295.307,1.24001,0.083115
1821,385.783,379.258,352.643,295.307,1.24001,0.083115
1825,385.976,379.441,352.905,295.307,1.24035,0.083115
1825,385.976,379.441,352.905,295.307,1.24035,0.083115
1826,386.024,379.486,352.971,295.307,1.24043,0.083115
1826,386.024,379.486,352.971,295.307,1.24043,0.083115
1830,386.218,379.669,353.233,295.307,1.24077,0.083115
1830,386.218,379.669,353.233,295.307,1.24077,0.083115
1831,386.266,379.715,353.299,295.307,1.24085,0.083115
1831,386.266,379.715,353.299,295.307,1.24085,0.083115
1835,386.459,379.898,353.561,295.307,1.24119,0.083115
1835,386.459,379.898,353.561,295.307,1.24119,0.083115
1836,386.507,379.944,353.627,295.307,1.24128,0.083115
1836,386.507,379.944,353.627,295.307,1.24128,0.083115
1840,386.701,380.127,353.89,295.307,1.24161,0.083115
1840,386.701,380.127,353.89,295.307,1.24161,0.083115
1841,386.749,380.173,353.956,295.307,1.2417,0.083115
1841,386.749,380.173,353.956,295.307,1.2417,0.083115
1845,386.942,380.357,354.219,295.307,1.24204,0.083115
1845,386.942,380.357,354.219,295.307,1.24204,0.083115
1846,386.99,380.402,354.285,295.307,1.24212,0.083115
1846,386.99,380.402,354.285,295.307,1.24212,0.083115
1850,387.184,380.586,354.548,295.307,1.24246,0.083115
1850,387.184,380.586,354.548,295.307,1.24246,0.083115
1851,387.232,380.632,354.614,295.307,1.24254,0.083115
1851,387.232,380.632,354.614,295.307,1.24254,0.083115
1855,387.425,380.815,354.878,295.307,1.24288,0.083115
1855,387.425,380.815,354.878,295.307,1.24288,0.083115
1856,387.474,380.861,354.944,295.307,1.24297,0.083115
1856,387.474,380.861,354.944,295.307,1.24297,0.083115
1860,387.667,381.044,355.207,295.307,1.2433,0.083115
1860,387.667,381.044,355.207,295.307,1.2433,0.083115
1861,387.715,381.09,355.273,295.307,1.24339,0.083115
1861,387.715,381.09,355.273,295.307,1.24339,0.083115
1865,387.908,381.274,355.538,295.307,1.24373,0.083115
1865,387.908,381.274,355.538,295.307,1.24373,0.083115
1866,387.957,381.32,355.604,295.307,1.24381,0.083115
1866,387.957,381.32,355.604,295.307,1.24381,0.083115
1870,388.15,381.503,355.868,295.307,1.24415,0.083115
1870,388.15,381.503,355.868,295.307,1.24415,0.083115
1871,388.198,381.549,355.934,295.307,1.24423,0.083115
1871,388.198,381.549,355.934,295.307,1.24423,0.083115
1875,388.391,381.733,356.198,295.307,1.24457,0.083115
1875,388.391,381.733,356.198,295.307,1.24457,0.083115
1876,388.44,381.779,356.265,295.307,1.24465,0.083115
1876,388.44,381.779,356.265,295.307,1.24465,0.083115
1880,388.633,381.963,356.529,295.307,1.24499,0.083115
1880,388.633,381.963,356.529,295.307,1.24499,0.083115
1881,388.681,382.009,356.595,295.307,1.24508,0.083115
1881,388.681,382.009,356.595,295.307,1.24508,0.083115
1885,388.874,382.192,356.86,295.307,1.24542,0.083115
1885,388.874,382.192,356.86,295.307,1.24542,0.083115
1886,388.923,382.238,356.926,295.307,1.2455,0.083115
1886,388.923,382.238,356.926,295.307,1.2455,0.083115
1890,389.116,382.422,357.191,295.307,1.24584,0.083115
1890,389.116,382.422,357.191,295.307,1.24584,0.083115
1891,389.164,382.468,357.257,295.307,1.24592,0.083115
1891,389.164,382.468,357.257,295.307,1.24592,0.083115
1895,389.357,382.652,357.522,295.307,1.24626,0.083115
1895,389.357,382.652,357.522,295.307,1.24626,0.083115
1896,389.406,382.698,357.589,295.307,1.24634,0.083115
1896,389.406,382.698,357.589,295.307,1.24634,0.083115
1900,389.599,382.882,357.854,295.307,1.24668,0.083115
1900,389.599,382.882,357.854,295.307,1.24668,0.083115
1901,389.647,382.928,357.92,295.307,1.24677,0.083115
1901,389.647,382.928,357.92,295.307,1.24677,0.083115
1905,389.84,383.112,358.185,295.307,1.2471,0.083115
1905,389.84,383.112,358.185,295.307,1.2471,0.083115
1906,389.889,383.158,358.252,295.307,1.24719,0.083115
1906,389.889,383.158,358.252,295.307,1.24719,0.083115
1910,390.082,383.342,358.517,295.307,1.24753,0.083115
1910,390.082,383.342,358.517,295.307,1.24753,0.083115
1911,390.13,383.388,358.583,295.307,1.24761,0.083115
1911,390.13,383.388,358.583,295.307,1.24761,0.083115
1915,390.323,383.572,358.849,295.307,1.24795,0.083115
1915,390.323,383.572,358.849,295.307,1.24795,0.083115
1916,390.372,383.618,358.915,295.307,1.24803,0.083115
1916,390.372,383.618,358.915,295.307,1.24803,0.083115
1920,390.565,383.803,359.181,295.307,1.24837,0.083115
1920,390.565,383.803,359.181,295.307,1.24837,0.083115
1920,390.565,383.803,359.181,295.307,1.24837,0.083115
1920,390.565,383.803,359.181,295.307,1.24837,0.083115
1921,390.609,383.845,359.245,295.307,1.24845,0.083115
1921,390.609,383.845,359.245,295.307,1.24845,0.083115
1925,390.785,384.014,359.489,295.307,1.24874,0.083115
1925,390.785,384.014,359.489,295.307,1.24874,0.083115
1926,390.83,384.056,359.55,295.307,1.24881,0.083115
1926,390.83,384.056,359.55,295.307,1.24881,0.083115
1930,391.006,384.224,359.792,295.307,1.2491,0.083115
1930,391.006,384.224,359.792,295.307,1.2491,0.083115
1931,391.05,384.266,359.853,295.307,1.24918,0.083115
1931,391.05,384.266,359.853,295.307,1.24918,0.083115
1935,391.227,384.435,360.095,295.307,1.24947,0.083115
1935,391.227,384.435,360.095,295.307,1.24947,0.083115
1936,391.271,384.477,360.156,295.307,1.24954,0.083115
1936,391.271,384.477,360.156,295.307,1.24954,0.083115
1940,391.448,384.645,360.399,295.307,1.24983,0.083115
1940,391.448,384.645,360.399,295.307,1.24983,0.083115
1941,391.492,384.687,360.459,295.307,1.24991,0.083115
1941,391.492,384.687,360.459,295.307,1.24991,0.083115
1945,391.668,384.856,360.702,295.307,1.2502,0.083115
1945,391.668,384.856,360.702,295.307,1.2502,0.083115
1946,391.713,384.898,360.762,295.307,1.25027,0.083115
1946,391.713,384.898,360.762,295.307,1.25027,0.083115
1950,391.889,385.067,361.005,295.307,1.25056,0.083115
1950,391.889,385.067,361.005,295.307,1.25056,0.083115
1951,391.933,385.109,361.066,295.307,1.25064,0.083115
1951,391.933,385.109,361.066,295.307,1.25064,0.083115
1955,392.11,385.277,361.308,295.307,1.25093,0.083115
1955,392.11,385.277,361.308,295.307,1.25093,0.083115
1956,392.154,385.32,361.369,295.307,1.251,0.083115
1956,392.154,385.32,361.369,295.307,1.251,0.083115
1960,392.331,385.488,361.612,295.307,1.25129,0.083115
1960,392.331,385.488,361.612,295.307,1.25129,0.083115
1961,392.375,385.53,361.672,295.307,1.25137,0.083115
1961,392.375,385.53,361.672,295.307,1.25137,0.083115
1965,392.551,385.699,361.915,295.307,1.25166,0.083115
1965,392.551,385.699,361.915,295.307,1.25166,0.083115
1966,392.595,385.741,361.975,295.307,1.25173,0.083115
1966,392.595,385.741,361.975,295.307,1.25173,0.083115
1970,392.772,385.91,362.218,295.307,1.25202,0.083115
1970,392.772,385.91,362.218,295.307,1.25202,0.083115
1971,392.816,385.952,362.279,295.307,1.2521,0.083115
1971,392.816,385.952,362.279,295.307,1.2521,0.083115
1975,392.993,386.121,362.521,295.307,1.25239,0.083115
1975,392.993,386.121,362.521,295.307,1.25239,0.083115
1976,393.037,386.163,362.582,295.307,1.25246,0.083115
1976,393.037,386.163,362.582,295.307,1.25246,0.083115
1980,393.214,386.332,362.824,295.307,1.25275,0.083115
1980,393.214,386.332,362.824,295.307,1.25275,0.083115
1981,393.258,386.374,362.885,295.307,1.25283,0.083115
1981,393.258,386.374,362.885,295.307,1.25283,0.083115
1985,393.434,386.543,363.128,295.307,1.25312,0.083115
1985,393.434,386.543,363.128,295.307,1.25312,0.083115
1986,393.478,386.585,363.188,295.307,1.25319,0.083115
1986,393.478,386.585,363.188,295.307,1.25319,0.083115
1990,393.655,386.754,363.431,295.307,1.25348,0.083115
1990,393.655,386.754,363.431,295.307,1.25348,0.083115
1991,393.699,386.797,363.491,295.307,1.25356,0.083115
1991,393.699,386.797,363.491,295.307,1.25356,0.083115
1995,393.876,386.966,363.734,295.307,1.25385,0.083115
1995,393.876,386.966,363.734,295.307,1.25385,0.083115
1996,393.92,387.008,363.794,295.307,1.25392,0.083115
1996,393.92,387.008,363.794,295.307,1.25392,0.083115
2000,394.096,387.177,364.037,295.307,1.25422,0.083115
2000,394.096,387.177,364.037,295.307,1.25422,0.083115
2001,394.141,387.219,364.097,295.307,1.25429,0.083115
2001,394.141,387.219,364.097,295.307,1.25429,0.083115
2005,394.317,387.388,364.339,295.307,1.25458,0.083115
2005,394.317,387.388,364.339,295.307,1.25458,0.083115
2006,394.361,387.431,364.4,295.307,1.25465,0.083115
2006,394.361,387.431,364.4,295.307,1.25465,0.083115
2010,394.538,387.6,364.642,295.307,1.25495,0.083115
2010,394.538,387.6,364.642,295.307,1.25495,0.083115
2011,394.582,387.642,364.703,295.307,1.25502,0.083115
2011,394.582,387.642,364.703,295.307,1.25502,0.083115
2015,394.759,387.811,364.945,295.307,1.25531,0.083115
2015,394.759,387.811,364.945,295.307,1.25531,0.083115
2016,394.803,387.853,365.006,295.307,1.25538,0.083115
2016,394.803,387.853,365.006,295.307,1.25538,0.083115
2020,394.979,388.023,365.248,295.307,1.25568,0.083115
2020,394.979,388.023,365.248,295.307,1.25568,0.083115
2021,395.024,388.065,365.308,295.307,1.25575,0.083115
2021,395.024,388.065,365.308,295.307,1.25575,0.083115
2025,395.2,388.234,365.55,295.307,1.25604,0.083115
2025,395.2,388.234,365.55,295.307,1.25604,0.083115
2026,395.244,388.277,365.611,295.307,1.25611,0.083115
2026,395.244,388.277,365.611,295.307,1.25611,0.083115
2030,395.421,388.446,365.853,295.307,1.25641,0.083115
2030,395.421,388.446,365.853,295.307,1.25641,0.083115
2031,395.465,388.488,365.913,295.307,1.25648,0.083115
2031,395.465,388.488,365.913,295.307,1.25648,0.083115
2035,395.642,388.658,366.155,295.307,1.25677,0.083115
2035,395.642,388.658,366.155,295.307,1.25677,0.083115
2036,395.686,388.7,366.216,295.307,1.25684,0.083115
2036,395.686,388.7,366.216,295.307,1.25684,0.083115
2040,395.862,388.869,366.457,295.307,1.25714,0.083115
2040,395.862,388.869,366.457,295.307,1.25714,0.083115
2041,395.906,388.912,366.518,295.307,1.25721,0.083115
2041,395.906,388.912,366.518,295.307,1.25721,0.083115
2045,396.083,389.081,366.759,295.307,1.2575,0.083115
2045,396.083,389.081,366.759,295.307,1.2575,0.083115
2046,396.127,389.123,366.82,295.307,1.25758,0.083115
2046,396.127,389.123,366.82,295.307,1.25758,0.083115
2050,396.304,389.293,367.061,295.307,1.25787,0.083115
2050,396.304,389.293,367.061,295.307,1.25787,0.083115
2051,396.348,389.335,367.122,295.307,1.25794,0.083115
2051,396.348,389.335,367.122,295.307,1.25794,0.083115
2055,396.525,389.505,367.363,295.307,1.25823,0.083115
2055,396.525,389.505,367.363,295.307,1.25823,0.083115
2056,396.569,389.547,367.424,295.307,1.25831,0.083115
2056,396.569,389.547,367.424,295.307,1.25831,0.083115
2060,396.745,389.717,367.665,295.307,1.2586,0.083115
2060,396.745,389.717,367.665,295.307,1.2586,0.083115
2061,396.789,389.759,367.725,295.307,1.25867,0.083115
2061,396.789,389.759,367.725,295.307,1.25867,0.083115
2065,396.966,389.929,367.967,295.307,1.25896,0.083115
2065,396.966,389.929,367.967,295.307,1.25896,0.083115
2066,397.01,389.971,368.027,295.307,1.25904,0.083115
2066,397.01,389.971,368.027,295.307,1.25904,0.083115
2070,397.187,390.141,368.268,295.307,1.25933,0.083115
2070,397.187,390.141,368.268,295.307,1.25933,0.083115
2071,397.231,390.183,368.328,295.307,1.2594,0.083115
2071,397.231,390.183,368.328,295.307,1.2594,0.083115
2075,397.407,390.353,368.57,295.307,1.25969,0.083115
2075,397.407,390.353,368.57,295.307,1.25969,0.083115
2076,397.452,390.395,368.63,295.307,1.25977,0.083115
2076,397.452,390.395,368.63,295.307,1.25977,0.083115
2080,397.628,390.565,368.871,295.307,1.26006,0.083115
2080,397.628,390.565,368.871,295.307,1.26006,0.083115
2081,397.672,390.607,368.931,295.307,1.26013,0.083115
2081,397.672,390.607,368.931,295.307,1.26013,0.083115
2085,397.849,390.777,369.172,295.307,1.26042,0.083115
2085,397.849,390.777,369.172,295.307,1.26042,0.083115
2086,397.893,390.82,369.232,295.307,1.2605,0.083115
2086,397.893,390.82,369.232,295.307,1.2605,0.083115
2090,398.07,390.989,369.473,295.307,1.26079,0.083115
2090,398.07,390.989,369.473,295.307,1.26079,0.083115
2091,398.114,391.032,369.533,295.307,1.26086,0.083115
2091,398.114,391.032,369.533,295.307,1.26086,0.083115
2095,398.29,391.202,369.773,295.307,1.26115,0.083115
2095,398.29,391.202,369.773,295.307,1.26115,0.083115
2096,398.335,391.244,369.833,295.307,1.26123,0.083115
2096,398.335,391.244,369.833,295.307,1.26123,0.083115
2100,398.511,391.414,370.074,295.307,1.26152,0.083115
2100,398.511,391.414,370.074,295.307,1.26152,0.083115
2101,398.555,391.457,370.134,295.307,1.26159,0.083115
2101,398.555,391.457,370.134,295.307,1.26159,0.083115
2105,398.732,391.626,370.374,295.307,1.26188,0.083115
2105,398.732,391.626,370.374,295.307,1.26188,0.083115
2106,398.776,391.669,370.434,295.307,1.26196,0.083115
2106,398.776,391.669,370.434,295.307,1.26196,0.083115
2110,398.953,391.839,370.674,295.307,1.26225,0.083115
2110,398.953,391.839,370.674,295.307,1.26225,0.083115
2111,398.997,391.881,370.734,295.307,1.26232,0.083115
2111,398.997,391.881,370.734,295.307,1.26232,0.083115
2115,399.173,392.051,370.974,295.307,1.26262,0.083115
2115,399.173,392.051,370.974,295.307,1.26262,0.083115
2116,399.217,392.094,371.034,295.307,1.26269,0.083115
2116,399.217,392.094,371.034,295.307,1.26269,0.083115
2120,399.394,392.264,371.274,295.307,1.26298,0.083115
2120,399.394,392.264,371.274,295.307,1.26298,0.083115
2121,399.438,392.306,371.334,295.307,1.26305,0.083115
2121,399.438,392.306,371.334,295.307,1.26305,0.083115
2125,399.615,392.477,371.574,295.307,1.26335,0.083115
2125,399.615,392.477,371.574,295.307,1.26335,0.083115
2126,399.659,392.519,371.634,295.307,1.26342,0.083115
2126,399.659,392.519,371.634,295.307,1.26342,0.083115
2130,399.835,392.689,371.873,295.307,1.26371,0.083115
2130,399.835,392.689,371.873,295.307,1.26371,0.083115
2131,399.88,392.732,371.933,295.307,1.26378,0.083115
2131,399.88,392.732,371.933,295.307,1.26378,0.083115
2135,400.056,392.902,372.172,295.307,1.26408,0.083115
2135,400.056,392.902,372.172,295.307,1.26408,0.083115
2136,400.1,392.944,372.232,295.307,1.26415,0.083115
2136,400.1,392.944,372.232,295.307,1.26415,0.083115
2140,400.277,393.115,372.471,295.307,1.26444,0.083115
2140,400.277,393.115,372.471,295.307,1.26444,0.083115
2141,400.321,393.157,372.531,295.307,1.26451,0.083115
2141,400.321,393.157,372.531,295.307,1.26451,0.083115
2145,400.498,393.327,372.77,295.307,1.26481,0.083115
2145,400.498,393.327,372.77,295.307,1.26481,0.083115
2146,400.542,393.37,372.83,295.307,1.26488,0.083115
2146,400.542,393.37,372.83,295.307,1.26488,0.083115
2150,400.718,393.54,373.069,295.307,1.26517,0.083115
2150,400.718,393.54,373.069,295.307,1.26517,0.083115
2151,400.763,393.583,373.128,295.307,1.26524,0.083115
2151,400.763,393.583,373.128,295.307,1.26524,0.083115
2155,400.939,393.753,373.367,295.307,1.26554,0.083115
2155,400.939,393.753,373.367,295.307,1.26554,0.083115
2156,400.983,393.796,373.427,295.307,1.26561,0.083115
2156,400.983,393.796,373.427,295.307,1.26561,0.083115
2160,401.16,393.966,373.665,295.307,1.2659,0.083115
2160,401.16,393.966,373.665,295.307,1.2659,0.083115
2160,401.16,393.966,373.665,295.307,1.2659,0.083115
2160,401.16,393.966,373.665,295.307,1.2659,0.083115
2161,401.2,394.005,373.722,295.307,1.26592,0.083115
2161,401.2,394.005,373.722,295.307,1.26592,0.083115
2165,401.359,394.158,373.936,295.307,1.26597,0.083115
2165,401.359,394.158,373.936,295.307,1.26597,0.083115
2166,401.399,394.196,373.989,295.307,1.26598,0.083115
2166,401.399,394.196,373.989,295.307,1.26598,0.083115
2170,401.559,394.349,374.201,295.307,1.26603,0.083115
2170,401.559,394.349,374.201,295.307,1.26603,0.083115
2171,401.599,394.387,374.254,295.307,1.26605,0.083115
2171,401.599,394.387,374.254,295.307,1.26605,0.083115
2175,401.759,394.54,374.466,295.307,1.2661,0.083115
2175,401.759,394.54,374.466,295.307,1.2661,0.083115
2176,401.799,394.579,374.519,295.307,1.26611,0.083115
2176,401.799,394.579,374.519,295.307,1.26611,0.083115
2180,401.958,394.732,374.731,295.307,1.26616,0.083115
2180,401.958,394.732,374.731,295.307,1.26616,0.083115
2181,401.998,394.77,374.784,295.307,1.26618,0.083115
2181,401.998,394.77,374.784,295.307,1.26618,0.083115
2185,402.158,394.923,374.995,295.307,1.26623,0.083115
2185,402.158,394.923,374.995,295.307,1.26623,0.083115
2186,402.198,394.961,375.048,295.307,1.26624,0.083115
2186,402.198,394.961,375.048,295.307,1.26624,0.083115
2190,402.357,395.115,375.259,295.307,1.26629,0.083115
2190,402.357,395.115,375.259,295.307,1.26629,0.083115
2191,402.397,395.153,375.312,295.307,1.26631,0.083115
2191,402.397,395.153,375.312,295.307,1.26631,0.083115
2195,402.557,395.306,375.523,295.307,1.26636,0.083115
2195,402.557,395.306,375.523,295.307,1.26636,0.083115
2196,402.597,395.344,375.576,295.307,1.26637,0.083115
2196,402.597,395.344,375.576,295.307,1.26637,0.083115
2200,402.757,395.497,375.787,295.307,1.26642,0.083115
2200,402.757,395.497,375.787,295.307,1.26642,0.083115
2200,402.757,395.497,375.787,295.307,1.26642,0.083115
